"gene_name","gene_id","contig","location","omim_id","hgnc_id","unigene_id","ensembl_id","pharmgkb_id","hprd_id","homologene_id","pubmed_id"
"A2M","2","NC_000012.11","9220304..9268558 complement","103950","7","212838","ENSG00000175899","PA24357","HPRD:00072","37248","15047212"
"ACADVL","37","NC_000017.10","7123153..7128585","609575","92","437178","ENSG00000072778","-","HPRD:01940","5","20099975"
"ADAM9","8754","NC_000008.10","38854505..38962780","602713","216","591852","ENSG00000168615","-","HPRD:04091","20824","19473694"
"ADRM1","11047","NC_000020.10","60878027..60883918","610650","15759","90107","ENSG00000130706","PA24599","HPRD:06440","10513","18506748"
"AEBP1","165","NC_000007.13","44143960..44154159","602981","303","439463","ENSG00000106624","PA24604","HPRD:04281","878","15047212"
"AHCY","191","NC_000020.10","32868076..32891123 complement","180960","343","388004","ENSG00000101444","PA24636","HPRD:01621","554","18506748"
"AIM2","9447","NC_000001.10","159032275..159046647 complement","604578","357","281898","ENSG00000163568","-","HPRD:05202","83226","18217980"
"AKT1","207","NC_000014.8","105235686..105262080 complement","164730","391","525622","ENSG00000142208","PA24684","HPRD:01261","3785","17242701"
"ALDH7A1","501","NC_000005.9","125878918..125931082 complement","107323","877","483239","ENSG00000164904","-","HPRD:00124","913","15047212"
"ALOX12","239","NC_000017.10","6899384..6914055","152391","429","654431","ENSG00000108839","-","HPRD:01066","560","10446449"
"ALOX12B","242","NC_000017.10","7975954..7991021 complement","603741","430","136574","ENSG00000179477","-","HPRD:04772","884","16353136"
"ANG","283","NC_000014.8","21152336..21162345","105850","483","283749","ENSG00000214274","PA24790","HPRD:00105","74385","16450401"
"ANLN","54443","NC_000007.13","36429432..36493400","0","14082","62180","ENSG00000011426","-","HPRD:09799","41281","18191186"
"ANXA1","301","NC_000009.11","75766781..75785307","151690","533","494173","ENSG00000135046","-","HPRD:01060","563","16450401"
"ANXA2","302","NC_000015.9","60639350..60690185 complement","151740","537","511605","ENSG00000182718","PA24827","HPRD:01061","20857","17543121"
"ANXA4","307","NC_000002.11","69969127..70053596","106491","542","422986","ENSG00000196975","-","HPRD:00112","68164","17054779"
"ANXA8","653145","NC_000010.10","48255225..48271369","602396","546","535306","ENSG00000165390","-","-","20393","16450401"
"APC","324","NC_000005.9","112043218..112181936","611731","583","158932","ENSG00000134982","-","HPRD:01439","30950","17971771"
"APLP2","334","NC_000011.9","129939716..130014706","104776","598","370247","ENSG00000084234","-","HPRD:00103","20396","15047212"
"APOC1","341","NC_000019.9","45417921..45422606","107710","607","110675","ENSG00000130208","PA51","HPRD:00131","1244","18217980"
"APOD","347","NC_000003.11","195295573..195311076 complement","107740","612","522555","ENSG00000189058","-","HPRD:00134","1246","18217980"
"APOL2","23780","NC_000022.10","36622255..36636000 complement","607252","619","474740","ENSG00000128335","-","HPRD:06263","12785","15047212"
"AQP3","360","NC_000009.11","33441158..33447590 complement","600170","636","234642","ENSG00000165272","-","HPRD:08970","21025","15047212"
"ARHGAP12","94134","NC_000010.10","32095225..32217770 complement","610577","16348","499264","ENSG00000165322","-","HPRD:06446","23089","15047212"
"ARHGAP8","23779","NC_000022.10","45148438..45258664","609405","677","720401","ENSG00000186654;  ENSG00000241484;  ENSG0000024840","PA24961","HPRD:06448","23645","18217980"
"ASXL1","171023","NC_000020.10","30946153..31027122","612990","18318","374043","ENSG00000171456","-","HPRD:16516","9098","18506748"
"ATIC","471","NC_000002.11","216176692..216214479","601731","794","90280","ENSG00000138363","PA25094","HPRD:03434","2983","15047212"
"ATP9A","10079","NC_000020.10","50213314..50384908 complement","609126","13540","649234","ENSG00000054793","-","HPRD:18541","69194","18506748"
"B4GALT5","9334","NC_000020.10","48249482..48330421 complement","604016","928","370487","ENSG00000158470","-","HPRD:06807","3507","18506748"
"BAG1","573","NC_000009.11","33252469..33264761 complement","601497","937","377484","ENSG00000107262; ENSG00000250477","-","HPRD:03292","3190","10047462"
"BANF1","8815","NC_000011.9","65769550..65771617","603811","17397","433759","ENSG00000175334","-","HPRD:04817","2866","16450401"
"BASP1","10409","NC_000005.9","17217750..17276943","605940","957","725234","ENSG00000176788","PA25261","HPRD:08389","38168","18559093"
"BAT2L2","23215","NC_000001.10","171454666..171562650","0","24903","494614","ENSG00000117523","-","HPRD:16539","41015","15047212"
"BCL2","596","NC_000018.9","60790579..60986613 complement","151430","990","150749","ENSG00000171791","PA25302","HPRD:01045","527","17242701"
"BCL2L1","598","NC_000020.10","30252261..30310656 complement","600039","992","516966","ENSG00000171552","-","HPRD:02497","7639","17306351"
"BCL2L2","599","NC_000014.8","23776012..23780968","601931","995","410026","ENSG00000129473","-","HPRD:03569","2989","17306351"
"BICD2","23299","NC_000009.11","95473645..95527083 complement","609797","17208","436939","ENSG00000185963","-","HPRD:09826","9070","16450401"
"BIRC5","332","NC_000017.10","76210277..76221716","603352","593","514527","ENSG00000089685","-","HPRD:04520","37450","17464868"
"BLU","51364","NC_000003.11","50378537..50383156 complement","607070","19412","526735","ENSG00000004838","-","HPRD:06145","9293","17097722"
"BNIP3","664","NC_000010.10","133781204..133795435 complement","603293","1084","144873","ENSG00000176171","-","HPRD:04482","2990","16353136"
"BRAF","673","NC_000007.13","140433812..140624564 complement","164757","1097","550061","ENSG00000157764","-","HPRD:01264","3197","17360030"
"BRCA1","672","NC_000017.10","41196314..41277468 complement","113705","1100","194143","ENSG00000012048","-","HPRD:00218","5276","15983032"
"BRD9","65980","NC_000005.9","863856..892915 complement","0","25818","449278","ENSG00000028310","-","HPRD:12532","82462","18559093"
"BST2","684","NC_000019.9","17513755..17516384 complement","600534","1119","118110","ENSG00000130303","PA25436","HPRD:02759","48277","15047212"
"BRIX1","55299","NC_000005.9","34915820..34925787","0","24170","718510","ENSG00000113460","-","HPRD:16563","10133","18559093"
"BZW2","28969","NC_000007.13","16685759..16746147","0","18808","487635","ENSG00000136261","-","HPRD:16571","8530","15047212"
"C13ORF18","80183","NC_000013.10","46916136..46961635 complement","0","20420","98117","ENSG00000102445","-","HPRD:12615","57021","19843677"
"C15orf48","84419","NC_000015.9","45722763..45725647","608409","29898","112242","ENSG00000166920","-","HPRD:16332","41867","16434596"
"C1QBP","708","NC_000017.10","5336099..5342471 complement","601269","1243","555866","ENSG00000108561","PA25624","HPRD:03168","31023","15047212"
"C20orf20","55257","NC_000020.10","61427805..61431945","611157","15866","590870","ENSG00000101189","-","HPRD:16646","10104","18506748"
"C20orf30","29058","NC_000020.10","5080484..5093733 complement","0","15876","472024","ENSG00000089063","-","HPRD:12762","8561","15047212"
"C3","718","NC_000019.9","6677846..6720662 complement","120700","1318","529053","ENSG00000125730","PA25897","HPRD:00400","68031","15047212"
"C4orf41","60684","NC_000004.11","184580446..184634745","0","25751","443240","ENSG00000168538","-","HPRD:10968","11076","17054779"
"C5orf22","55322","NC_000005.9","31532373..31555165","0","25639","519246","ENSG00000082213","-","HPRD:07740","10149","18559093"
"C5orf28","64417","NC_000005.9","43444354..43483992 complement","0","26139","558531","ENSG00000151881","-","HPRD:07965","49708","18559093"
"CACYBP","27101","NC_000001.10","174968571..174981163","606186","30423","508524","ENSG00000116161","-","HPRD:07316","7649","15047212"
"CADM1","23705","NC_000011.9","115044345..115375241 complement","605686","5951","370510","ENSG00000182985","PA29764 ","HPRD:05746","8641","17971771"
"CALCA","796","NC_000011.9","14988216..14993832 complement","114130","1437","37058","ENSG00000110680","-","HPRD:00238","105261","16736496"
"CAMKK2","10645","NC_000012.11","121675495..121736111 complement","0","1470","297343","ENSG00000110931","-","HPRD:06467","32756","16353136"
"CAMKV","79012","NC_000003.11","49895422..49907369 complement","0","28788","145156","ENSG00000164076","-","HPRD:11361","56983","16353136"
"CCNA1","8900","NC_000013.10","37005967..37017019","604036","1577","417050","ENSG00000133101","PA26147 ","HPRD:04946","31203","19843677"
"CCNB1","891","NC_000005.9","68462913..68474072","123836","1579","23960","ENSG00000134057","-","HPRD:00454","68982","17306351"
"CCND1","595","NC_000011.9","69455873..69469242","168461","1582","523852","ENSG00000110092","-","HPRD:01346","1334","17306351"
"CCND2","894","NC_000012.11","4382902..4414522","123833","1583","376071","ENSG00000118971","PA26150","HPRD:00451","37525","15713962"
"CCNE1","898","NC_000019.9","30302901..30315219","123837","1589","244723","ENSG00000105173","-","HPRD:00455","14452","17306351"
"CCR2","729230","NC_000003.11","46395235..46402413","601267","1603","511794","ENSG00000121807","-","-","537","20537184"
"CD28","940","NC_000002.11","204571198..204602557","186760","1653","591629","ENSG00000178562","-","HPRD:01727","4473","18337305"
"CD44","960","NC_000011.9","35160417..35253949","107269","1681","502328","ENSG00000026508","PA26221","HPRD:00115","508","17464868"
"CD63","967","NC_000012.11","56119230..56122910","155740","1692","445570","ENSG00000135404","-","HPRD:01121","37526","16450401"
"CD83","9308","NC_000006.11","14117865..14137149","604534","1703","595133","ENSG00000112149","-","HPRD:05170","3121","19446866"
"CDA","978","NC_000001.10","20915444..20945401","123920","1712","466910","ENSG00000158825","PA98","HPRD:11744","1352","16353136"
"CDC40","51362","NC_000006.11","110501624..110553423","605585","17350","428147","ENSG00000168438","-","HPRD:05721","5716","16450401"
"CDH1","999","NC_000016.9","68771195..68869444","192090","1748","461086","ENSG00000039068","-","HPRD:01885","20917","12773202"
"CDH11","1009","NC_000016.9","64980683..65155919 complement","600023","1750","116471","ENSG00000140937","PA26284","HPRD:08960","1361","15989693"
"CDH13","1012","NC_000016.9","82660578..83830201","601364","1753","654386","ENSG00000140945","-","HPRD:03219","20335","17548682"
"CDH15","1013","NC_000016.9","89238163..89261900","114019","1754","148090","ENSG00000129910","-","HPRD:00225","3622","15989693"
"CDH2","1000","NC_000018.9","25530930..25757445 complement","114020","1759","606106","ENSG00000170558","-","HPRD:00226","20424","12657131"
"CDH3","1001","NC_000016.9","68678151..68732957","114021","1762","191842","ENSG00000062038","-","HPRD:00227","20425","16353136"
"CDH4","1002","NC_000020.10","59827559..60512299","603006","1763","473231","ENSG00000179242","-","HPRD:04304","48044","15989693"
"CDK2","1017","NC_000012.11","56360556..56366568","116953","1771","19192","ENSG00000123374","-","HPRD:00310","74409","18813814"
"CDK6","1021","NC_000007.13","92234235..92465941 complement","603368","1777","119882","ENSG00000105810","-","HPRD:04533","963","18813814"
"CDKN1A","1026","NC_000006.11","36646459..36655109","116899","1784","370771","ENSG00000124762","PA104 ","HPRD:00298","333","15771902"
"CDKN1B","1027","NC_000012.11","12870302..12875305","600778","1785","238990","ENSG00000111276","PA105","HPRD:02867","2999","18813814"
"CDKN2A","1029","NC_000009.11","21967751..21994490 complement","600160","1787","512599","ENSG00000147889","-","HPRD:02542","55430","15771902"
"CDKN2B","1030","NC_000009.11","22002902..22009312 complement","600431","1788","72901","ENSG00000147883","-","HPRD:02696","55859","17971771"
"CEACAM1","634","NC_000019.9","43011458..43032639 complement","109770","1814","512682","ENSG00000079385","-","HPRD:00191","113536","17543121"
"CEACAM5","1048","NC_000019.9","42212530..42234437","114890","1817","709196","ENSG00000105388","-","HPRD:00274","113536","16450401"
"CEACAM6","4680","NC_000019.9","42259398..42276113","163980","1818","466814","ENSG00000086548","PA26362","HPRD:01233","113536","16450401"
"CEACAM7","1087","NC_000019.9","42177235..42192096 complement","0","1819","74466","ENSG00000007306","-","HPRD:07629","48476","16450401"
"CEBPB","1051","NC_000020.10","48807376..48809212","189965","1834","517106","ENSG00000172216","-","HPRD:01801","3807","20099975"
"CELA2A","63036","NC_000001.10","15783224..15798583","609443","24609","631866","ENSG00000142615","-","HPRD:06495","40598","15989693"
"CELSR1","9620","NC_000022.10","46756731..46933067 complement","604523","1850","252387","ENSG00000075275","-","HPRD:05160","7665","16353136"
"CES1","1066","NC_000016.9","55836763..55867075 complement","114835","1863","558865","ENSG00000198848","PA107","HPRD:00268","35606","15047212"
"CHFR","55743","NC_000012.11","133416938..133464184 complement","605209","20455","29698","ENSG00000072609","-","-","10078","17786301"
"CITED2","10370","NC_000006.11","139693396..139695785 complement","602937","1987","82071","ENSG00000164442","-","HPRD:04245","4433","16353136"
"CKS2","1164","NC_000009.11","91926113..91931618","116901","2000","83758","ENSG00000123975","PA26536","HPRD:00300","86883","16353136"
"CLDN1","9076","NC_000003.11","190023493..190040215 complement","603718","2032","439060","ENSG00000163347","-","HPRD:04760","9620","18618715"
"CLEC2B","9976","NC_000012.11","10004968..10022458  complement","603242","2053","85201","ENSG00000110852","PA26582","HPRD:09129","68443","16450401"
"CLIC3","9022","NC_000009.11","139889060..139891024 complement","606533","2064","64746","ENSG00000169583","-","HPRD:05941","3432","16353136"
"CNOT1","23019","NC_000016.9","58553855..58663750 complement","604917","7877","460923","ENSG00000125107","-","HPRD:11999","9453","15047212"
"COL1A1","1277","NC_000017.10 ","48261457..48279000 complement","120150","2197","172928","ENSG00000108821","PA35041","HPRD:00362","73874","15047212"
"CPE","1363","NC_000004.11","166300097..166419482","114855","2303","75360","ENSG00000109472","-","HPRD:00272","48052","15047212"
"CPEB1","64506","NC_000015.9","83211951..83316728 complement","607342","21744","547988","ENSG00000214575","-","HPRD:09553","7278","19161537"
"CPEB3","22849","NC_000010.10","93808399..94050844 complement","610606","21746","131683","ENSG00000107864","-","HPRD:16745","40992","19161537"
"CR1","1378","NC_000001.10","207669473..207815110","120620","2334","334019","ENSG00000203710","-","HPRD:00398","55474","10493495"
"CRABP2","1382","NC_000001.10","156669403..156675375 complement","180231","2339","405662","ENSG00000143320","-","HPRD:08353","1415","16450401"
"CRCT1","54544","NC_000001.10","152486978..152488481","0","29875","110196","ENSG00000169509","-","HPRD:16635","10402","16353136"
"CRISP3","10321","NC_000006.11","49695089..49712056 complement","0","16904","404466","ENSG00000096006","-","HPRD:11788","50654","16353136"
"CRNN","49860","NC_00001.10","152386750..152381719 complement","611312","1230","242057","ENSG00000143536","-","HPRD:12720","9416","16353136"
"CRYAB","1410","NC_000011.9","111779350..111782473 complement","123590","2389","53454","ENSG00000109846","-","HPRD:00428","68209","16353136"
"CSE1L","1434","NC_000020.10","47662838..47713486","601342","2431","90073","ENSG00000124207","-","HPRD:03217","1006","15047212"
"CSF1","1435","NC_000001.10","110453233..110472355","120420","2432","591402","ENSG00000184371","PA26935","HPRD:00388","7282","18565574"
"CSF1R","1436","NC_000005.9","149432854..149492935 complement","164770","2433","586219","ENSG00000182578","-","HPRD:01269","3817","18565574"
"CTGF","1490","NC_000006.11","132269316..132272518 complement","121009","2500","410037","ENSG00000118523","PA27003","HPRD:00412","1431","16353136"
"CTNNB1","1499","NC_000003.11","41240942..41281939","116806","2514","476018","ENSG00000168036","-","HPRD:00286","1434","16049915"
"CTSC","1075","NC_000011.9","88026760..88070941 complement","602365","2528","706874","ENSG00000109861","-","HPRD:03841","1373","15989693"
"CTSF","8722","NC_000011.9","66330935..66336047","603539","2531","11590","ENSG00000174080","-","HPRD:04643","31194","15989693"
"CTSH","1512","NC_000015.9","79214092..79237420 complement","116820","2535","148641","ENSG00000103811","-","HPRD:00288","36159","15989693"
"CTSL1","1514","NC_000009.11","90340974..90346384","116880","2537","418123","ENSG00000135047","PA27035","HPRD:00293","112271","15989693"
"CTSS","1520","NC_000001.10","150702551..150738305complement","116845","2545","181301","ENSG00000163131","-","HPRD:00292","20867","15989693"
"CUEDC1","404093","NC_000017.10","55940337..55980750 complement","0","31350","46679","ENSG00000180891","-","HPRD:13098","9933","18191186"
"CWH43","80157","NC_000004.11","48988265..49064096","0","26133","479703","ENSG00000109182","-","HPRD:08638","5474","16353136"
"CXCR2","3579","NC_000002.11","218990746..219001975","146928","6027","846","ENSG00000180871","-","HPRD:00907","10439","16353136"
"CYBA","1535","NC_000016.9","88709697..88717457 complement","608508","2577","513803","ENSG00000051523","-","HPRD:01989","80","19012493"
"CYR61","3491","NC_000001.10","86046444..86049650","602369","2654","8867","ENSG00000142871","-","HPRD:09089","1194","18217980"
"DAP3","7818","NC_000001.10","155658874..155708320","602074","2673","516746","ENSG00000132676","-","HPRD:03646","3404","15047212"
"DAPK1","1612","NC_000009.11","90112756..90323549","600831","2674","380277","ENSG00000196730","PA27142 ","HPRD:02902","3626","17971771"
"DDIT3","1649","NC_000012.11","57910371..57914300 complement","126337","2726","505777","ENSG00000175197","-","HPRD:00529","3012","16597647"
"DDOST","1650","NC_000001.10","20978260..20988037 complement","602202","2728","523145","ENSG00000244038;  ENSG00000117242","-","HPRD:03728","3821","17054779"
"DDX27","55661","NC_000020.10","47835832..47860614","0","15837","65234","ENSG00000124228","-","HPRD:10859","6431","18506748"
"DEK","7913","NC_000006.11","18224400..18264799 complement","125264","2768","484813","ENSG00000124795","-","HPRD:00503","2593","18618715"
"DHFR","1719","NC_000005.9","79922045..79950800 complement","126060","2861","592364","ENSG00000228716","PA143","HPRD:00519","56470","18813814"
"DLC1","10395","NC_000008.10","12940872..13372395 complement","604258","2897","134296","ENSG00000164741","-","HPRD:05035","4442","16862168"
"DMC1","11144","NC_000022.10","38914954..38966189 complement","602721","2927","339396","ENSG00000100206","-","HPRD:04099","5135","20084279"
"DNAJC9","23234","NC_000010.10","75002582..75007025 complement","611206","19123","408577","ENSG00000213551","-","HPRD:13237","9055","20099975"
"DNMT1","1786","NC_000019.9","10244022..10305755 complement","126375","2976","202672","ENSG00000130816","PA27443","HPRD:00532","1055","17971771"
"DNMT3L","29947","NC_000021.8","45666223..45682099 complement","606588","2980","592165","ENSG00000142182","-","HPRD:09417","8362","17965599"
"DSG1","1828","NC_000018.9","28898052..28937394","125670","3048","2633","ENSG00000134760","PA27501 ","HPRD:00515","1463","16353136"
"DSG2","1829","NC_000018.9","29078027..29128814","125671","3049","412597","ENSG00000046604","PA27502","HPRD:00516","1464","18217980"
"DTL","51514","NC_000001.10","212208919..212278187","610617","30288","656473","ENSG00000143476","-","HPRD:17952","32313","16353136"
"DUSP1","1843","NC_000005.9","172195102..172198203 complement","600714","3064","171695","ENSG00000120129","-","HPRD:02835","3254","18217980"
"DUSP26","78986","NC_000008.10","33448851..33457439 complement","0","28161","8719","ENSG00000133878","-","HPRD:14421","11421","18217980"
"DUT","1854","NC_000015.9","48623621..48635570","601266","3078","527980","ENSG00000128951","PA151","HPRD:03165","31475","20084279"
"E2F1","1869","NC_000020.10","32263292..32274210 complement","189971","3113","654393","ENSG00000101412"," PA152","HPRD:01806","3828","17306351"
"E2F2","1870","NC_000001.10","23832922..23857713 complement","600426","3114","194333","ENSG00000007968","-","HPRD:02692","48264","18813814"
"E2F3","1871","NC_000006.11","20402137..20493945","600427","3115","269408","ENSG00000112242","-","HPRD:02693","74413","18813814"
"E2F4","1874","NC_000016.9","67226068..67232821","600659","3118","108371","ENSG00000205250","-","HPRD:02806","1471","18813814"
"E2F5","1875","NC_000008.10","86089619..86126753","600967","3119","445758","ENSG00000133740","-","HPRD:02983","1472","18813814"
"ECT2","1894","NC_000003.11","172472299..172539263","600586","3155","518299","ENSG00000114346","-","HPRD:11860","7298","16353136"
"EDN1","1906","NC_000006.11","12290529..12297427","131240","3176","511899","ENSG00000078401","-","HPRD:07030","1476","17445867"
"EDN2","1907","NC_000001.10","41944446..41950344 complement","131241","3177","1407","ENSG00000127129","PA27615","HPRD:07173","1477","15771902"
"EDN3","1908","NC_000020.10","57875499..57901047","131242","3178","1408","ENSG00000124205","-","HPRD:00570","88","16353136"
"EDNRA","1909","NC_000004.11","148401907..148466106","131243","3179","183713","ENSG00000151617","-","HPRD:00571","1478","17445867"
"EFNA1","1942","NC_000001.10","155100349..155107386","191164","3221","516664","ENSG00000169242","-","HPRD:01858","3262","16353136"
"EGFR","1956","NC_000007.13","55086725..55275031","131550","3236","488293","ENSG00000146648"," PA7360","HPRD:00579","74545","17242701"
"EMP1","2012","NC_000012.11","13349602..13369708","602333","3333","436298","ENSG00000134531","-","HPRD:11892","1088","16353136"
"ENDOU","8909","NC_000012.11","48103528..48119350 complement","606720","14369","997","ENSG00000111405","-","HPRD:12110","48394","16353136"
"ENG","2022","NC_000009.11","130577291..130617047 complement","131195","3349","76753","ENSG00000106991","PA27785","HPRD:00565","92","19352388"
"EPB41L3","23136","NC_000018.9","5392388..5543986 complement","605331","3380","213394","ENSG00000082397","-","HPRD:05622","49308","16353136"
"EPB41L4B","54566","NC_000009.11","111934254..112083021 complement","610340","19818","591901","ENSG00000095203","-","HPRD:09940","69270","17054779"
"EPCAM","4072","NC_000002.11","47596287..47614167","185535","11529","542050","ENSG00000119888","-","HPRD:01709","1764","16450401"
"EPS8","2059","NC_000012.11","15773075..15942510","600206","3420","591160","ENSG00000151491","-","HPRD:02563","3272","16450401"
"ERBB2","2064","NC_000017.10","37844393..37884915","164870","3430","446352","ENSG00000141736","PA27844","HPRD:01281","3273","17306351"
"ERBB4","2066","NC_000002.11","212240442..213403352 complement","600543","3432","390729","ENSG00000178568","-","HPRD:02767","21084","17306351"
"EREG","2069","NC_000004.11","75230860..75254477","602061","3443","115263","ENSG00000124882","-","HPRD:03638","1097","16353136"
"ESR1","2099","NC_000006.11","152011631..152424409","133430","3467","208124","ENSG00000091831"," PA156","HPRD:00589","47906","17971771"
"ESR2","2100","NC_000014.8","64693751..64805268 complement","601663","3468","660607","ENSG00000140009"," PA27886","HPRD:03390","1100","16353136"
"EXO1","9156","NC_000001.10","242011535..242053048","606063","3511","498248","ENSG00000174371","-","HPRD:06932","31352","19012493"
"EZH2","2146","NC_000007.13","148504475..148581414 complement","601573","3527","444082","ENSG00000106462","-","HPRD:03342","37926","19047178"
"FANCA","2175","NC_000016.9","89803959..89883065 complement","607139","3582","290154","ENSG00000187741","-","HPRD:06186","108","19012493"
"FANCF","2188","NC_000011.9","22644079..22647387 complement","603467","3587","713574","ENSG00000183161","-","HPRD:04589","75185","15126331"
"FASTKD3 ","79072","NC_000005.9","7859272..7869115 complement","0","28758","653162","ENSG00000124279","-","HPRD:10083","11457","18559093"
"FGF1","2246","NC_000005.9","141971743..142077635 complement","131220","3665","483635","ENSG00000113578","-","HPRD:00567","625","17242701"
"FGF2 ","2247","NC_000004.11","123747863..123819390","134920","3676","284244","ENSG00000138685","-","HPRD:00622","1521","15797633"
"FGF7","2252","NC_000015.9","49715375..49779523","148180","3685","567268","ENSG00000140285","-","HPRD:01022","7316","17306351"
"FGFR2","2263","NC_000010.10","123237844..123357972 complement","176943","3689","533683","ENSG0000066468","-","HPRD:01492","22566","17306351"
"FHIT","2272","NC_000003.11","59735036..61237133 complement","601153","3701","655995","ENSG00000189283"," PA28140","HPRD:03096","21661","19730990"
"FLNA","2316","NC_000023.10","153576900..153603006","300017","3754","195464","ENSG00000196924","PA28172","HPRD:02060","1119","16450401"
"FLT1","2321","NC_000013.10","28876389..29069265 complement","165070","3763","594454","ENSG00000102755","-","HPRD:01297","20463","17306351"
"FOXL2","668","NC_000003.11","138663066..138665801 complement","605597","1092","289292","ENSG00000183770","-","HPRD:05723","74992","16353136"
"FUS","2521","NC_000016.9","31191453..31203100","137070","4010","46894","ENSG00000089280","-","HPRD:00660","3639","15047212"
"GAPDH","2597","NC_000012.11","6643657..6647536","138400","4141","544577","ENSG00000111640","-","HPRD:00713","107053","19161537"
"GARS","2617","NC_000007.13","30634181..30673649","600287","4162","404321","ENSG00000106105","-","HPRD:02617","1547","15047212"
"GATA3","2625","NC_000010.10","8096667..8117164","131320","4172","524134","ENSG00000107485","-","HPRD:00572","1550","17971771"
"GDF15","9518","NC_000019.9","18496968..18499986","605312","30142","616962","ENSG00000130513","-","HPRD:05608","3576","18398830"
"GFOD2","81577","NC_000016.9","67708439..67753217 complement","0","28159","307084","ENSG00000141098","-","HPRD:14419","10361","16353136"
"GJA1 ","2697","NC_000006.11","121756745..121770873","121014","4274","74471","ENSG00000152661","PA28685","HPRD:00414","136","17543121"
"GLI1","2735","NC_000012.11","578533934..57866051","165220","4317","632702","ENSG00000111087","-","HPRD:01311","3859","7905784"
"GLTP","51228","NC_000012.11","110288748..110318293 complement","608949","24867","381256","ENSG00000139433","-","HPRD:16409","41133","16353136"
"GPX3","2878","NC_000005.9","150399999..150408554","138321","4555","386793","ENSG00000211445","-","HPRD:11750","20480","16353136"
"GRB2","2885","NC_000017.10","73314157..73401790 complement","108355","4566","444356","ENSG00000177885","-","HPRD:00150","1576","15771902"
"GRM4","2914","NC_000006.11","33989628..34101443 complement","604100","4596","654847","ENSG00000124493","-","HPRD:04978","20230","16353136"
"GSS","2937","NC_000020.10","33516236..33543601 complement","601002","4624","82327","ENSG00000100983","PA29015","HPRD:03000","148","18506748"
"GSTP1","2950","NC_000011.9","67351066..67354124","134660","4638","523836","ENSG00000084207","PA29028","HPRD:00614","660","20069434"
"GTF2F2","2963","NC_000013.10","45694631..45858240","189969","4653","654582","ENSG00000188342","-","HPRD:01804","37884","15047212"
"GTF2H4","2968","NC_000006.11","30875977..30881880","601760","4658","485070","ENSG00000213780","-","HPRD:03456","7090","20084279"
"GYS2","2998","NC_000012.11","21689123..21757781 complement","138571","4707","82614","ENSG00000111713","-","HPRD:00722","56580","16353136"
"HBA2","3040","NC_000016.9","222846..223709","141850","4824","654744","ENSG00000188536","PA29199 ","HPRD:00785","469","16353136"
"HDLBP","3069","NC_000002.11","242166679..242255254 complement","142695","4857","471851","ENSG00000115677","-","HPRD:00813","38035","15047212"
"HIC1","3090","NC_000017.10","1958393..1962981","603825","4909","72956","ENSG00000177374","-","HPRD:04826","4740","12773202"
"HIN-1","92304","NC_000005.9","180017105..180018487 complement","606500","18384","62492","ENSG00000161055","-","HPRD:05932","14160","15472908"
"HIST1H1C","3006","NC_000006.11","26055915..26056699 complement","142710","4716","7644","ENSG00000187837","-","HPRD:07514","68455","18217980"
"HIST2H2BE","8349","NC_000001.10","149856010..149858232","601831","4760","2178","ENSG00000184678","-","HPRD:03494","84347","16450401"
"HLA-C","3107","NC_000006.11","31236529..31239855 complement","142840","4933","654404","ENSG00000204525","PA35057","HPRD:00829","110784","15047212"
"HLA-DQB1","3119","NC_000006.11","32627657..32634466 complement","604305","4944","409934","ENSG00000179344","-","HPRD:05054","1603","15047212"
"HLA-DRA","3122","NC_000006.11","32407647..32412823","142860","4947","520048","ENSG00000204287","PA35071","HPRD:00833","7751","15047212"
"HLA-DRB3","3125","NT_113891.2","3947195..3934127 complement","612735","4951","696211","-","-","HPRD:09985","0","15047212"
"HLA-DRB5","3127","NC_000006.11","32485151..32498006 complement","604776","4953","534322","ENSG00000198502","-","HPRD:09209","101524","15047212"
"HLTF","6596","NC_000003.11","148747904..148804341 complement","603257","11099","3068","ENSG00000071794","-","HPRD:04461","30136","16331610"
"HMGB1","3146","NC_000013.10","31032877..31040081 complement","163905","4983","593339","ENSG00000189403","PA188","HPRD:01228","110676","19839069"
"HOPX","84525","NC_000004.11","57514154..57547872 complement","607275","24961","619396","ENSG00000171476","-","HPRD:06280","15859","16353136"
"HOXA1","3198","NC_000007.13","27132612..27135625 complement","142955","5099","67397","ENSG00000105991","-","HPRD:00843","4032","16049915"
"HOXB6","3216","NC_000017.10","46673099..46682334 complement","142961","5117","98428","ENSG00000108511","-","HPRD:00849","7366","16450401"
"HOXC10","3226","NC_000012.11","54378946..54384063","605560","5122","44276","ENSG00000180818","-","HPRD:05710","9680","17974957"
"HPGD","3248","NC_000004.11","175411380..175443611 complement","601688","5154","596913","ENSG00000164120","-","HPRD:03406","68095","16353136"
"HRAS","3265","NC_000011.9","532242..535550 complement","190020","5173","37003","ENSG00000174775","-","HPRD:01813","55890","15950068"
"HS3ST2","9956","NC_000016.9","22825860..22927659","604056","5195","115830","ENSG00000122254","-","HPRD:04957","21220","17894941"
"HSP90AA1","3320","NC_000014.8","102547075..102606086 complement","140571","5253","525600","ENSG00000080824","-","HPRD:00777","68464","15047212"
"HSPB2","3316","NC_000011.9","111783460..111784817","602179","5247","709660","ENSG00000170276","-","HPRD:03712","68189","17306351"
"HSPB8","26353","NC_000012.11","119616595..119632551","608014","30171","400095","ENSG00000152137","-","HPRD:06420","8654","16353136"
"HSPD1","3329","NC_000002.11","198351308..198364998 complement","118190","5261","595053","ENSG00000144381","-","HPRD:00318","1626","17306351"
"HUWE1","10075","NC_000023.10","53559063..53713673 complement","300697","30892","136905","ENSG00000086758","PA12839456","HPRD:06608","45994","15047212"
"HYAL1","3373","NC_000003.11","50337320..50349812 complement","607071","5320","75619","ENSG00000114378","-","HPRD:06146","5277","17054779"
"ICOS","29851","NC_000002.11","204801503..204826300","604558","5351","56247","ENSG00000163600","-","HPRD:09196","8097","18337305"
"IER5","51278","NC_000001.10","181057638..181059979","607177","5393","725197","ENSG00000162783","-","HPRD:06210","7778","15047212"
"IFI16","3428","NC_000001.10","158979682..159024945","147586","5395","380250","ENSG00000163565","-","HPRD:00969","117707","16353136"
"IFI6","2537","NC_000001.10","27992572..27998724 complement","147572","4054","523847","ENSG00000126709","-","HPRD:00959","49720","18217980"
"IFITM1","8519","NC_000011.9","313991..315272","604456","5412","458414","ENSG00000185885","-","HPRD:05122","74501","20099975"
"IFNG","3458","NC_000012.11","68548550..68553521 complement","147570","5438","856","ENSG00000111537","PA29674 ","HPRD:00957","55526","18337305"
"IGF1","3479","NC_000012.11","102789645..102874378 complement","147440","5464","160562","ENSG00000017427","-","HPRD:00936","515","17709267"
"IGF2","3481","NC_000011.9","2150347..2170833 complement","147470","5466","718427","ENSG00000129965;  ENSG00000167244","PA29699","HPRD:00939","510","17709267"
"IGFBP2","3485","NC_000002.11","217498127..217529159","146731","5471","438102","ENSG00000115457","-","HPRD:00898","499","15771902"
"IGFBP3","3486","NC_000007.13","45951844..45960871 complement","146732","5472","450230","ENSG00000146674","-","HPRD:00899","500","17709267"
"IGFBP5","3488","NC_000002.11","217536828..217560272 complement","146734","5474","607212","ENSG00000115461","-","HPRD:00901","56489","15771902"
"IGFBP6","3489","NC_000012.11","53491436..53496128","146735","5475","274313","ENSG00000167779","-","HPRD:00902","1641","15771902"
"IL10","3586","NC_000001.10","206940948..206945839 complement","124092","5962","193717","ENSG00000136634","PA29778","HPRD:00495","478","17306351"
"IL18","3606","NC_000011.9","112013976..112034840 complement","600953","5986","83077","ENSG00000150782","PA29802","HPRD:02976","1200","16353136"
"IL1A","3552","NC_000002.11","113531492..113542971 complement","147760","5991","1722","ENSG00000115008","PA29807","HPRD:00988","480","15771902"
"IL1RN","3557","NC_000002.11","113875470..113891593","147679","6000","81134","ENSG00000136689","-","HPRD:00978","11163","16353136"
"IL32","9235","NC_000016.9","3115313..3119668","606001","16830","943","ENSG00000008517","-","HPRD:09346","0","15047212"
"IL6","3569","NC_000007.13","22766818..22771620","147620","6018","654458","ENSG00000136244","PA198 ","HPRD:00970","502","15771902"
"IL8","3576","NC_000004.11","74606275..74609433","146930","6025","624","ENSG00000169429","PA29841","HPRD:00909","47937","18217980"
"ILF2","3608","NC_000001.10","153634514..153643479 complement","603181","6037","75117","ENSG00000143621","-","HPRD:04419","26894","16049915"
"IMP3","55272","NC_000015.9","75931436..75932595 complement","612980","14497","513043","ENSG00000177971","-","HPRD:12664","6120","17192788"
"INPP5E","56623","NC_000009.11","139323071..139334256 complement","613037","21474","120998","ENSG00000148384","-","HPRD:17151","56863","15047212"
"IPO5","3843","NC_000013.10","98605929..98676550","602008","6402","712598","ENSG00000065150","-","HPRD:03597","1710","15047212"
"IRF3","3661","NC_000019.9","50162829..50169132 complement","603734","6118","75254","ENSG00000126456","-","HPRD:04769","1208","19012493"
"ITGA1","3672","NC_000005.9","52084136..52249485","192968","6134","714114","ENSG00000213949","-","HPRD:01892","57137","15989693"
"ITGA4","3676","NC_000002.11","182321619..182402474","192975","6140","440955","ENSG00000115232","PA29940","HPRD:01894","37364","15989693"
"ITGA6","3655","NC_000002.11","173292314..173371181","147556","6142","133397","ENSG00000091409"," PA29942","HPRD:00945","20091","17306351"
"ITGAV ","3685","NC_000002.11","187454790..187545628","193210","6150","436873","ENSG00000138448","-","HPRD:01903","20510","18618715"
"ITGB1","3688","NC_000010.10","33189246..33247293 complement","135630","6153","643813","ENSG00000150093","-","HPRD:00628","22999","17306351"
"ITGB2","3689","NC_000021.8","46305868..46348753 complement","600065","6155","375957","ENSG00000160255","PA29955","HPRD:02506","20092","16049915"
"ITGB8","3696","NC_000007.13","20370725..20455382","604160","6163","592171","ENSG00000105855","-","HPRD:05001","18567","15989693"
"ITM2C","81618","NC_000002.11","231729621..231743963","609554","6175","111577","ENSG00000135916","-","HPRD:17167","11186","16450401"
"IVL","3713","NC_000001.10","152881039..152884362","147360","6187","516439","ENSG00000163207","-","HPRD:00931","86915","10389939"
"JAK1","3716","NC_000001.10","65298906..65432187 complement","147795","6190","207538","ENSG00000162434","PA29988","HPRD:00992","1678","17306351"
"JUNB","3726","NC_000019.9","12902310..12904125","165161","6205","25292","ENSG00000171223","-","HPRD:01303","7390","17306351"
"KCNC4","3749","NC_000001.10","110754065..110776666","176265","6236","153521","ENSG00000116396","-","HPRD:08887","68427","16450401"
"KCNJ4","3761","NC_000022.10","38822332..38851203 complement","600504","6265","32505","ENSG00000168135"," PA30048","HPRD:02738","3653","16353136"
"KIAA1324","57535","NC_000001.10","109656533..109745854","611298","29618","708190","ENSG00000116299","-","HPRD:13850","23249","16450401"
"KIT","3815","NC_000004.11","55524095..55606881","164920","6342","479754","ENSG00000157404","-","HPRD:01287","187","17306351"
"KITLG","4254","NC_000012.11","88886566..88974238 complement","184745","6343","1048","ENSG00000049130","PA30129 ","HPRD:01698","692","15771902"
"KLF3","51274","NC_000004.11","38665790..38703129","609392","16516","298658","ENSG00000109787","-","HPRD:13920","7396","17054779"
"KLK10","5655","NC_000019.9","51516000..51523431 complement","602673","6358","275464","ENSG00000129451","-","HPRD:04054","26428","16353136"
"KLK11","11012","NC_000019.9","51525487..51531290 complement","604434","6359","57771","ENSG00000167757","-","HPRD:05114","27048","16353136"
"KLK12","43849","NC_000019.9","51532348..51538148 complement","605539","6360","411572","ENSG00000186474","-","HPRD:05705","44690","16353136"
"KLK13","26085","NC_000019.9","51559463..51568367 complement","605505","6361","165296","ENSG00000167759","-","HPRD:05693","56714","16353136"
"KLK2","3817","NC_000019.9","51376689..51383823","147960","6363","515560","ENSG00000167751","-","HPRD:01006","68141","16450401"
"KLK7","5650","NC_000019.9","51479729..51487150 complement","604438","6368","151254","ENSG00000169035","-","HPRD:05115","37998","16353136"
"KLK8","11202","NC_000019.9","51499264..51504958 complement","605644","6369","104570","ENSG00000129455","-","HPRD:05733","21410","16353136"
"KRAS","3845","NC_000012.11","25358180..25403854 complement","190070","6407","505033","ENSG00000133703","-","HPRD:01817","37990","17306351"
"KRT1","3848","NC_000012.11","53068520..53074191 complement","139350","6412","80828","ENSG00000167768","-","HPRD:00763","38146","16353136"
"KRT10","3858","NC_000017.10","38974369..38978863 complement","148080","6413","99936","ENSG00000186395","-","HPRD:01021","20125","15138927"
"KRT13","3860","NC_000017.10","39657233..39661865 complement","148065","6415","654550","ENSG00000171401","-","HPRD:01016","40740","15138927"
"KRT15","3866","NC_000017.10","39669997..39675270 complement","148030","6421","654570","ENSG00000171346","-","HPRD:01009","1712","16450401"
"KRT17","3872","NC_000017.10","39775692..39780882 complement","148069","6427","2785","ENSG00000128422","-","HPRD:01019","363","15138927"
"KRT18","3875","NC_000012.11","53342655..53346685","148070","6430","406013","ENSG00000111057","-","HPRD:01020","55448","15771902"
"KRT19","3880","NC_000017.10","39679869..39684641 complement","148020","6436","654568","ENSG00000171345","-","HPRD:01007","105650","16353136"
"KRT3","3850","NC_000012.11","53183469..53189892 complement","148043","6440","680652","ENSG00000186442","-","HPRD:01013","62202","16353136"
"KRT4","3851","NC_000012.11","53200333..53208335 complement","123940","6441","654610","ENSG00000170477","-","HPRD:00478","20523","16353136"
"KRT6B","3854","NC_000012.11","52840435..52845910 complement","148042","6444","708950","ENSG00000185479","-","HPRD:01012","108190","17306351"
"KRT7","3855","NC_000012.11","52626954..52642709","148059","6445","411501","ENSG00000135480","-","HPRD:01014","4058","16353136"
"KRT8","3856","NC_000012.11","53290971..53298868 complement","148060","6446","533782","ENSG00000170421","-","HPRD:01015","55643","17306351"
"KRTHA3B","3884","NC_000017.10","39519746..39526047complement","602762","6451","32950","ENSG00000131738","-","HPRD:04136","117698","16450401"
"LAMA5","3911","NC_000020.10","60884121..60942368 complement","601033","6485","473256","ENSG00000130702","-","HPRD:03020","4060","18506748"
"LARP7","51574","NC_000004.11","113558120..113578742","612026","24912","713663","ENSG00000174720","-","HPRD:17095","88843","18191186"
"LDHA","3939","NC_000011.9","18415936..18429765","150000","6535","2795","ENSG00000134333","-","HPRD:01025","56495","15047212"
"LGALS7","3963","NC_000019.9","39261608..39264157 complement","600615","6568","707031","ENSG00000205076","-","HPRD:09002","100509","17543121"
"LGR5","8549","NC_000012.11","71833813..71978622","606667","4504","658889","ENSG00000139292","PA28894","HPRD:05979","20807","16353136"
"LHFPL4","375323","NC_000003.11","9540045..9595486 complement","610240","29568","56782","ENSG00000156959","-","HPRD:17361","14943","18381458"
"LMX1A","4009","NC_000001.10","165171105..165325017 complement","600298","6653","667312","ENSG00000162761","-","HPRD:02623","24921","18398837"
"LSM3","27258","NC_000003.11","14220329..14239838","607283","17874","111632","ENSG00000170860","-","HPRD:06283","6548","17054779"
"LSMD1","84316","NC_000017.10","7760003..7761172 complement","0","28212","565094","ENSG00000183011","-","HPRD:17491","23766","17054779"
"LY6D","8581","NC_000008.10","143866298..143868008  complement","606204","13348","415762","ENSG00000167656","-","HPRD:09370","2742","16450401"
"LYPLA1","10434","NC_000008.10","54958938..55014577 complement","605599","6737","724496","ENSG00000120992","-","HPRD:07063","100781","15047212"
"MAL","4118","NC_000002.11","95691479..95719735","188860","6817","80395","ENSG00000172005","PA30565 ","HPRD:01789","7827","14718022"
"MAP3K11","4296","NC_000011.9","65365226..65381720 complement","600050","6850","502872","ENSG00000173327","-","HPRD:02502","37618","15047212"
"MBNL2","10150","NC_000013.10","97874574..98046374","607327","16746","657347","ENSG00000139793","-","HPRD:09543","76766","17054780"
"MCM2","4171","NC_000003.11","127317253..127341279","116945","6944","477481","ENSG00000073111","-","HPRD:00303","3325","16353136"
"MCM3","4172","NC_000006.11","52128812..52149582 complement","602693","6945","179565","ENSG00000112118","-","HPRD:04072","1791","16353136"
"MCM4","4173","NC_000008.10","48873494..48890068","602638","6947","460184","ENSG00000104738","-","HPRD:09094","40496","16353136"
"MCM5","4174","NC_000022.10","35796116..35820495","602696","6948","517582","ENSG00000100297","-","HPRD:04075","4904","16353136"
"MDM2","4193","NC_000012.11","69201971..69239212","164785","6973","484551","ENSG00000135679","-","HPRD:01272","1793","17306351"
"ME1","4199","NC_000006.11","83920108..84140779 complement","154250","6983","21160","ENSG00000065833","-","HPRD:01102","20540","16353136"
"MEF2A","4205","NC_000015.9","100106133..100256630","600660","6993","268675","ENSG00000068305","A30731","HPRD:02807","4080","17054779"
"MET","4233","NC_000007.13","116312459..116438440","164860","7029","132966","ENSG00000105976","-","HPRD:01280","206","15771902"
"MGMT","4255","NC_000010.10","131265454..131565783","156569","7059","501522","ENSG00000170430","PA239 ","HPRD:01135","31089","11297252"
"MLH1","4292","NC_000003.11","37034979..37092337","120436","7127","195364","ENSG00000076242"," PA240","HPRD:00390","208","11297252"
"MLLT4","4301","NC_000006.11","168227671..168372703","159559","7137","614974","ENSG00000130396","-","HPRD:01164","21202","16353136"
"MMP1","4312","NC_000011.9","102660651..102668894 complement","120353","7155","83169","ENSG00000196611","PA30867","HPRD:00384","20544","11812078"
"MMP10","4319","NC_000011.9","102641234..102651344 complement","185260","7156","2258","ENSG00000166670","-","HPRD:01704","20546","15989693"
"MMP11","4320","NC_000022.10","24115036..24126503","185261","7157","143751","ENSG00000099953","-","HPRD:01705","38116","15989693"
"MMP12","4321","NC_000011.9","102733464..102745712 complement","601046","7158","1695","ENSG00000110347","-","HPRD:03027","20547","15989693"
"MMP13","4322","NC_000011.9","102813724..102826462 complement","600108","7159","2936","ENSG00000137745","-","HPRD:02522","20548","15989693"
"MMP14","4323","NC_000014.8","23305793..23316803","600754","7160","2399","ENSG00000157227","-","HPRD:02856","21040","16061633"
"MMP2","4313","NC_000016.9","55513081..55540586","120360","7166","513617","ENSG00000087245","-","HPRD:00386","3329","16061633"
"MMP3","4314","NC_000011.9","102706528..102714342 complement","185250","7173","375129","ENSG00000149968","PA30886","HPRD:01703","20545","17242701"
"MMP9","4318","NC_0000020.10","44637547..44645200","120361","7176","297413","ENSG00000100985","-","HPRD:00387","3659","17242701"
"MRPL11","65003","NC_000011.9","66202550..66206310 complement","611826","14042","418450","ENSG00000174547","-","HPRD:14739","6768","17054780"
"MRPS2","51116","NC_000009.11","138392483..138396519","611971","14495","382044","ENSG00000122140","-","HPRD:14783","99837","15047212"
"MRPS23","51649","NC_000017.10","55916842..55927399 complement","611985","14509","5836","ENSG00000181610","-","HPRD:17592","41101","17054779"
"MSH2","4436","NC_000002.11","47630263..47710360","609309","7325","597656","ENSG00000095002","-","HPRD:00389","210","10999751"
"MSLN","10232","NC_000016.9","811133..818865","601051","7371","408488","ENSG00000102854","-","HPRD:03030","4249","16450401"
"MSN","4478","NC_000023.10","64887511..64961793","309845","7373","87752","ENSG00000147065","PA31178","HPRD:02399","1833","17054780"
"MSX1","4487","NC_000004.11","4861392..4865663","142983","7391","424414","ENSG00000163132","-","HPRD:00866","1836","16049915"
"MT1G","4495","NC_000016.9","56700653..56701977 complement","156353","7399","433391","ENSG00000125144","-","HPRD:11827","87857","16434596"
"MUL1","79594","NC_000001.10","20825941..20834674 complement","612037","25762","10101","ENSG00000090432","-","HPRD:07799","11576","19843677"
"MYC","4609","NC_00008.10","128748316..128753674","190080","7553","202453","ENSG00000136997","PA31353","HPRD:01818","31092","15771902"
"MYCL1","4610","NC_000001.10","40361098..40367687complement","164850","7555","437922","ENSG00000116990","-","HPRD:01279","3921","7905784"
"MYCN","4613","NC_000002.11","16080683..16087129","164840","7559","25960","ENSG00000134323","-","HPRD:01278","3922","17306351"
"MYH9","4627","NC_000022.10","36677326..36783981 complement","160775","7579","474751","ENSG00000100345","-","HPRD:01177","68257","16450401"
"MYOD1","4654","NC_000011.9","17741110..17743678","159970","7611","181768","ENSG00000129152","-","HPRD:01166","7857","14760078"
"NAE1","8883","NC_000016.9","66836781..66864879 complement","603385","621","460978","ENSG00000159593","-","HPRD:04545","68370","15047212"
"NCL","4691","NC_000002.11","232319459..232329205 complement","164035","7667","79110","ENSG00000115053","-","HPRD:01245","21821","15047212"
"NDRG1","10397","NC_000008.10","134249414..134309547 complement","605262","7679","372914","ENSG00000104419","PA31482","HPRD:05586","55953","16450401"
"NDRG4","65009","NC_000016.9","58497549..58547523","0","14466","322430","ENSG00000103034","-","HPRD:14817","23228","16353136"
"NDUFS6","4726","NC_000005.9","1801509..1816165","603848","7713","408257","ENSG00000145494","-","HPRD:10356","37935","18559093"
"NEBL","10529","NC_000010.10","21068902..21463116 complement","605491","16932","5025","ENSG00000078114","-","HPRD:10403","31379","16353136"
"NEK1","4750","NC_000004.11","170314429..170533614 complement","604588","7744","481181","ENSG00000137601","-","HPRD:06847","14376","17054780"
"NKX6-1","4825","NC_000004.11","85414436..85419387 complement","602563","7839","546270","ENSG00000163623","-","HPRD:09092","4495","18398837"
"NME1","4830","NC_000017.10","49230920..49239450","156490","7849","463456","ENSG00000011052; ENSG00000239672","PA249 ","HPRD:01131","56418","17306351"
"NME2","4831","NC_000017.10","49242891..49249105","156491","7850","463456","ENSG0000011052; ENSG00000243678","PA250 ","HPRD:01132","39553","17306351"
"NNT","23530","NC_000005.9","43602791..43705668","607878","7863","482043","ENSG00000112992","-","HPRD:09715","7445","18559093"
"NOL4","8715","NC_000018.9","31431064..31803446 complement","603577","7870","514795","ENSG00000101746","-","HPRD:04657","36142","18381458"
"NOL7","51406","NC_000006.11","13615559..13621127","611533","21040","306242","ENSG00000225921","-","HPRD:17641","49451","20206243"
"NPTX1","4884","NC_000017.10","78440633..78450404 complement","602367","7952","514","ENSG00000171246","-","HPRD:03843","1891","19843677"
"NQO1","1728","NC_000016.9","69743304..69760533 complement","125860","2874","406515","ENSG00000181019"," PA31744","HPRD:00518","695","20200430"
"NRAS","4893","NC_000001.10","115247078..115259515 complement","164790","7989","486502","ENSG00000213281","-","HPRD:01273","55661","15047212"
"NRM","11270","NC_000006.11","30655826..30658769 complement","0","8003","519993","ENSG00000137404","-","HPRD:10120","38294","15047212"
"NTF3","4908","NC_000012.11","5541280..5604465","162660","8023","99171","ENSG00000185652","-","HPRD:01219","1896","15771902"
"NTN4","59277","NC_000012.11","96051583..96184536 complement","610401","13658","201034","ENSG00000074527","-","HPRD:10121","10934","17054780"
"OAS3","4940","NC_000012.11","113376249..113411054","603351","8088","528634","ENSG00000111331","-","HPRD:04519","4510","20084279"
"OAT","4942","NC_000010.10","126085872..126107519 complement","613349","8091","523332","ENSG00000065154","-","HPRD:02021","231","15047212"
"ONECUT1","3175","NC_000015.9","53049353..53082209 complement","604164","8138","658573","ENSG00000169856","-","HPRD:05002","3309","18398837"
"ORAOV1","220064","NC_000011.9","69480331..69490165 complement","607224","17589","667996","ENSG00000149716","-","HPRD:06245","12457","20105337"
"OSMR","9180","NC_000005.9","38846136..38934402","601743","8507","120658","ENSG00000145623","-","HPRD:03446","2972","18559093"
"OSR1","130497","NC_000002.11","19551246..19558372 complement","608891","8111","123933","ENSG00000143867","-","HPRD:16401","8035","15047212"
"P2RX4","5025","NC_000012.11","121647664..121671909","600846","8535","321709","ENSG00000135124","-","HPRD:09017","1923","16450401"
"PA2G4","5036","NC_000012.11","56498103..56507694","602145","8550","573018","ENSG00000170515","-","HPRD:03685","4513","15047212"
"PAIP1","10605","NC_000005.9","43526369..43557521 complement","605184","16945","482038","ENSG00000172239","-","HPRD:05539","4709","18559093"
"PAPD7","11044","NC_000005.9","6714718..6757161","605198","16705","481542","ENSG00000112941","-","HPRD:09239","5089","18559093"
"PAX1","5075","NC_000020.10","21686297..21696620","167411","8615","349082","ENSG00000125813","-","HPRD:01332","4514","18398837"
"PCDH10","57575","NC_000004.11","134070470..134112732","608286","13404","192859","ENSG00000138650","-","HPRD:12204","74967","16247458"
"PCNA","5111","NC_000020.10","5095599..5107268 complement","176740","8729","147433","ENSG00000132646","-","HPRD:01456","1945","18813814"
"PCNP","57092","NC_000003.11","101293042..101313281","0","30023","275865","ENSG00000081154","-","HPRD:17826","10676","15047212"
"PDCD1","5133","NC_000002.11","242792033..242801058 complement","600244","8760","158297","ENSG00000188389","-","HPRD:02590","3681","18337305"
"PDCD4","27250","NC_000010.10","112631596..112659764","608610","8763","711490","ENSG00000150593","-","HPRD:10549","7879","16353136"
"PDGFRA","5156","NC_000004.11","55095264..55164412","173490","8803","74615","ENSG00000134853"," PA33147","HPRD:01429","31361","15771902"
"PDIA3","2923","NC_000015.9","44038590..44064804","602046","4606","712781","ENSG00000167004","-","HPRD:03625","68454","15047212"
"PDK2","5164","NC_000017.10","48172696..48188423","602525","8810","256667","ENSG00000005882","-","HPRD:03955","68265","17054780"
"PEBP1","5037","NC_000012.11","118573870..118583390","604591","8630","433863","ENSG00000089220","-","HPRD:06850","37637","18191186"
"PECAM1","5175","NC_000017.10","62399863..62401205 complement","173445","8823","514412","-"," PA33167","HPRD:01425","47925","19352388"
"PGR","5241","NC_000011.9","100900355..101000544 complement","607311","8910","32405","ENSG00000082175","-","HPRD:07077","713","14760078"
"PHB","5245","NC_000017.10","47481420..47492242 complement","176705","8912","514303","ENSG00000167085","PA33251","HPRD:01454","1980","16426920"
"PIGF","5281","NC_000002.11","46808413..46844251 complement","600153","8962","468415","ENSG00000151665"," PA33293 ","HPRD:02539","31103","19845534"
"PIGT","51604","NC_000020.10","44044724..44054884","610272","14938","437388","ENSG00000124155","-","HPRD:15136","6134","18506748"
"PLAGL1","5325","NC_000006.11","144261437..144385735 complement","603044","9046","444975","ENSG00000118495","-","HPRD:16010","31401","18217980"
"PLAT","5327","NC_000008.10","42032236..42065194 complement","173370","9051","491582","ENSG00000104368","-","HPRD:01419","717","16353136"
"PLOD2","5352","NC_000003.11","145787227..145879282 complement","601865","9082","477866","ENSG00000152952","-","HPRD:03519","22681","16353136"
"PLP2","5355","NC_000023.10","49028273..49031438","300112","9087","77422","ENSG00000102007","PA33415","HPRD:02121","2003","16450401"
"PLSCR1","5359","NC_000003.11","146232967..146262628 complement","604170","9092","130759","ENSG00000188313","-","HPRD:08855","41418","16353136"
"POFUT1","23509","NC_000020.10","30795696..30826467","607491","14988","472409","ENSG00000101346","-","HPRD:06319","9104","18506748"
"POP5","51367","NC_000012.11","121016848..121019201 complement","609992","17689","279913","ENSG00000167272","-","HPRD:15158","41076","15047212"
"POU2F3","25833","NC_000011.9","120110951..120190653","607394","19864","227115","ENSG00000137709","-","HPRD:09582","7898","16607278"
"PPL","5493","NC_000016.9","4932508..4987136 complement","602871","9273","192233","ENSG00000118898","-","HPRD:04187","2026","16353136"
"PPP1R3C","5507","NC_000010.10","93388199..93392858 complement","602999","9293","303090","ENSG00000119938","-","HPRD:04298","3938","16353136"
"PPP2R1B","5519","NC_000011.9","111597632..111637169 complement","603113","9303","584790","ENSG00000137713","-","HPRD:04384","70244","11118052"
"PRDM5","11107","NC_000004.11","121615929..121844013 complement","0","9349","666782","ENSG00000138738","-","HPRD:17902","10274","20213097"
"PRR11","55771","NC_000017.10","57233093..57279147","0","25619","631750","ENSG00000068489","-","HPRD:07726","10123","16353136"
"PRSS2","5645","NC_079596.2","41906076..4190661","601564","9483","449281","-","-","HPRD:03335","0","16353136"
"PRSS3","5646","NC_000009.11","33750515..33799229","0","9486","654513","ENSG0000010438","-","HPRD:06685","122141","16353136"
"PSMB9","5698","NC_000006.11","32821938..32827628","177045","9546","654585","ENSG00000204261; ENSG00000240065","-","HPRD:01514","2094","16353136"
"PTEN","5728","NC_000010.10","89623195..89728532","601728","9588","500466","ENSG00000171862","PA33942","HPRD:03431","265","15196854"
"PTGS2","5743","NC_000001.10","186640944..186649559 complement","600262","9605","196384","ENSG00000073756"," PA293 ","HPRD:02599","31000","19723044"
"PTK6","5753","NC_000020.10","62159766..62168707 complement","602004","9617","51133","ENSG00000101213","-","HPRD:03594","68494","16353136"
"PTPN6","5777","NC_000012.11","7055740..7070479","176883","9658","63489","ENSG00000111679","PA34002","HPRD:01475","56589","19836067"
"PTTG1","9232","NC_000005.9","159848865..159855746","604147","9690","350966","ENSG00000164611","-","HPRD:04998","3110","18191186"
"PWP2H","5822","NC_000021.8","45527208..45551063","601475","9711","449076","ENSG00000160221","-","HPRD:03279","3702","16450401"
"PYCARD","29108","NC_000016.9","31212807..31214251 complement","606838","16608","499094","ENSG00000103490","-","HPRD:06020","8307","15713962"
"RAF1","5894","NC_000003.11","12625100..12705700 complement","164760","9829","159130","ENSG00000132155","-","HPRD:01265","48145","17306351"
"RALY","22913","NC_000020.10","32581732..32668067","0","15921","136947","ENSG00000125970","-","HPRD:11480","7216","18506748"
"RAPGEF3","10411","NC_000012.11","48128453..48152889 complement","606057","16629","8578","ENSG0000079337","-","HPRD:06928","21231","16353136"
"RARA","5914","NC_000017.10","38465446..38513895","180240","9864","654583","ENSG00000131759","-","HPRD:06769","20262","10389939"
"RARB","5915","NC_000003.11","25469754..25639423","180220","9865","719896","ENSG0000077092","-","HPRD:07183","68100","17548682"
"RARG","5916","NC_000012.11","53604353..53626036 complement","180190","9866","1497","ENSG00000172819","-","HPRD:01573","20263","10389939"
"RARRES3","5920","NC_000011.9","63304273..63313930","605092","9869","17466","ENSG00000133321","-","HPRD:05479","48290","15047212"
"RASSF1","11186","NC_000003.11","50367217..50378367 complement","605082","9882","476270","ENSG0000068028"," PA34245","HPRD:05470","10499","17971771"
"RBL1","5933","NC_000020.10","35626178..35724410 complement","116957","9893","207745","ENSG00000080839","-","HPRD:00312","2172","18813814"
"RBL2","5934","NC_000016.9","53468351..53525560","180203","9894","513609","ENSG00000103479","-","HPRD:01576","4098","18813814"
"RBP1","5947","NC_000003.11","139236276..139258671 complement","180260","9919","529571","ENSG00000248478; ENSG00000114115","-","HPRD:07036","2175","18217980"
"RCL1","10171","NC_000009.11","4792834..4861064","611405","17687","194121","ENSG00000120158","-","HPRD:10189","4217","17054779"
"RGS1","5996","NC_000001.10","192544857..192549159","600323","9991","75256","ENSG00000090104","-","HPRD:15968","2191","16353136"
"RHCG","51458","NC_000015.9","90014638..90039799 complement","605381","18140","459284","ENSG00000140519","-","HPRD:16102","32310","16353136"
"RNASEN","29102","NC_000005.9","31400601..31532282 complement","608828","17904","97997","ENSG00000113360","-","HPRD:10196","8293","18559093"
"RNF114","55905","NC_000020.10","48552914..48570422","612451","13094","144949","ENSG00000124226","-","HPRD:10329","10265","18506748"
"RPL37","6167","NC_000005.9","40831430..40835387 complement","604181","10347","80545","ENSG00000145592","-","HPRD:16047","68110","17543121"
"RPL39L","116832","NC_000003.11","186838741..186857263 complement","607547","17094","647900","ENSG00000163923","-","HPRD:09610","122215","16353136"
"RPRM ","56475","NC_000002.11","154333852..154335322 complement","612171","24201","100890","ENSG00000177519","-","HPRD:18002","10524","15700311"
"RPS19","6223","NC_000019.9","42363988..42375484","603474","10402","438429","ENSG00000105372","-","HPRD:04591","37416","15771902"
"RPSA","3921","NC_000003.11","39448204..39454033","150370","6502","449909","ENSG00000168028","PA30287","HPRD:01038","103854","16514834"
"RRAD","6236","NC_000016.9","66955582..66959439 complement","179503","10446","1027","ENSG00000166592","-","HPRD:01536","3071","16434596"
"RRAS","6237","NC_000019.9","50138552..50143400 complement","165090","10447","515536","ENSG00000126458","-","HPRD:01299","4565","16862428"
"RRM2","6241","NC_000002.11","10262735..10271546","180390","10452","226390","ENSG00000171848","PA299","HPRD:01587","20277","16353136"
"RTN3","10313","NC_000011.9","63448922..63527363","604249","10469","473761","ENSG00000133318","-","HPRD:18516","24934","15047212"
"RUNX1","861","NC_000021.8","36160098..36421595 complement","151385","10471","149261","ENSG00000159216","PA34884","HPRD:01043","1331","16353136"
"RUNX3","864","NC_000001.10","25226002..25291501 complement","600210","10473","170019","ENSG00000020633","-","HPRD:02565","37914","14968123"
"S100A10","6281","NC_000001.10","151955386..151966714 complement","114085","10487","143873","ENSG00000197747","PA34899","HPRD:00232","2228","16353136"
"S100A7","6278","NC_000001.10","153430220..153433137 complement","600353","10497","112408","ENSG00000143556","-","HPRD:02645","48150","16353136"
"S100A8","6279","NC_000001.10","153362508..153363549 complement","123885","10498","416073","ENSG00000143546","PA34910","HPRD:00471","2225","15047212"
"S100A9","6280","NC_000001.10","153330330..153333503","123886","10499","112405","ENSG00000163220","PA34911","HPRD:00472","2227","16450401"
"S100P","6286","NC_000004.11","6695566..6698897","600614","10504","2962","ENSG00000163993","-","HPRD:02792","81743","16450401"
"SAA1","6288","NC_000011.9","18287772..18291526","104750","10513","632144","ENSG00000173432","PA34921","HPRD:00097","81819","18217980"
"SCAMP1","9522","NC_000005.9","77656339..77776562","606911","10563","482587","ENSG00000085365","-","HPRD:06072","37975","18191186"
"SCD","6319","NC_000010.10","102106772..102124588","604031","10571","558396","ENSG00000099194","-","HPRD:04941","74538","18217980"
"SCEL","8796","NC_000013.10","78109859..78218644","604112","10573","534699","ENSG00000136155","-","HPRD:09161","2850","16353136"
"SDC1 ","6382","NC_000002.11","20400558..20425194 complement","186355","10658","224607","ENSG00000115884","PA35588","HPRD:01718","2252","10600292"
"SDHA","6389","NC_000005.9","218356..256815","600857","10680","440475","ENSG00000073578","-","HPRD:02914","3073","18559093"
"SEMG2","6407","NC_000020.10","43850010..43853099","182141","10743","537218","ENSG00000124157","-","HPRD:01642","88473","16450401"
"SEPP1","6414","NC_000005.9","42799982..42812024 complement","601484","10751","275775","ENSG00000250722","-","HPRD:03286","3945","15047212"
"SERPINA3","12","NC_000014.8","95078714..95090390","107280","16","534293","ENSG00000196136","-","HPRD:00120","111129","18217980"
"SERPINB5","5268","NC_000018.9","61144144..61172318","154790","8949","55279","ENSG00000206075","-","HPRD:01111","20580","15731774"
"SFN","2810","NC_000001.10","27189633..27190947","601290","10773","523718","ENSG00000175793","-","HPRD:03185","4475","16450401"
"SFRP1","6422","NC_000008.10","41119478..41166980 complement","604156","10776","213424","ENSG00000104332","-","HPRD:09165","2266","16434596"
"SFRP2","6423","NC_000004.11","154701742..154710228 complement","604157","10777","481022","ENSG00000145423","-","HPRD:16041","56438","19513747"
"SFRP4","6424","NC_000007.13","37945534..37956525 complement","606570","10778","658169","ENSG00000106483","-","HPRD:07357","2267","19513747"
"SFRP5","6425","NC_000010.10","99526508..99531756 complement","604158","10779","279565","ENSG00000120057","-","HPRD:09166","2268","19513747"
"SIPA1","6494","NC_000011.9","65405578..65418391","602180","10885","530477","ENSG00000213445","-","HPRD:03713","7940","19906411"
"SIX1","6495","NC_000014.8","61111417..61116155 complement","601205","10887","633506","ENSG00000126778","-","HPRD:03125","4360","18398830"
"SKP2","6502","NC_000005.9","36152189..36184147","601436","10901","23348","ENSG00000145604","-","HPRD:03256","55942","18559093"
"SLC3A2","6520","NC_000011.9","62623518..62656353","158070","11026","502769","ENSG00000168003","-","HPRD:01148","1795","15047212"
"SLC7A6OS","84138","NC_000016.9","68334520..68344848 complement","0","25807","709557","ENSG00000103061","-","HPRD:07824","41853","17054799"
"SLURP1","57152","NC_000008.10","143822362..143823829 complement","606119","18746","676358","ENSG00000126233","-","HPRD:05836","10710","16353136"
"SMAD2","4087","NC_000018.9","45359466..45457515 complement","601366","6768","12253","ENSG00000175387","PA30525","HPRD:03221","21197","12894231"
"SMAD4","4089","NC_000018.9","48556583..48611412","600993","6770","75862","ENSG00000141646","-","HPRD:02995","31310","12894231"
"SOCS1","8651","NC_000016.9","11348274..11350039 complement","603597","19383","50640","ENSG00000185338","-","HPRD:04669","2776","15021916"
"SOX1","6656","NC_000013.10","112721913..112726020","602148","11189","202526","ENSG00000182968","-","HPRD:03687","48390","18398837"
"SP100","6672","NC_000002.11","231280871..231410317","604585","11206","369056","ENSG00000067066","-","HPRD:06844","90788","16353136"
"SPA17","53340","NC_000011.9","124543740..124564690","608621","11210","286233","ENSG00000064199","-","HPRD:12272","7951","15047212"
"SPARC","6678","NC_000005.9","151041008..151066517 complement","182120","11219","111779","ENSG00000113140","PA36055","HPRD:01631","31132","19225617"
"SPINK5","11005","NC_000005.9","147443535..147516925","605010","15464","331555","ENSG00000133710","-","HPRD:05423","4987","16353136"
"SPP1","6696","NC_000004.11","88896802..88904563","166490","11255","313","ENSG00000118785","-","HPRD:01325","20156","17306351"
"SPRR1A","6698","NC_000001.10","152956557..152958290","182265","11259","46320","ENSG00000169474","-","HPRD:01647","105675","16353136"
"SPRR1B","6699","NC_000001.10","153003679..153005376","182266","11260","1076","ENSG00000169469","-","HPRD:01648","105655","10389939"
"SPRR2A","6700","NC_000001.10 ","153028596..153029988 complement","182267","11261","355542","ENSG00000241794","-","HPRD:01649","31413","15047212"
"SPRR2B","6701","NC_000001.10","153042717..153044084 complement","182268","11262","568239","ENSG00000196805","-","-","31413","16353136"
"SPRR3","6707","NC_000001.10","152974223..152976332","182271","11268","139322","ENSG00000163209","-","HPRD:01652","105423","16353136"
"ST14","6768","NC_000011.9","130029682..130080257","606797","11344","504315","ENSG00000149418","-","HPRD:06005","7906","14584072"
"STARD10","10809","NC_000011.9","72465774..72504750 complement","0","10666","188606","ENSG00000214530","-","HPRD:18116","4841","16450401"
"STAT1","6772","NC_000002.11","191833762..191878976 complement","600555","11362","642990","ENSG00000115415","-","HPRD:02777","21428","17306351"
"STAT3","6774","NC_000017.10","40465343..40540513 complement","102582","11364","463059","ENSG00000168610","PA337","HPRD:00026","7960","10853013"
"STAU1","6780","NC_000020.10","47729876..47804904 complement","601716","11370","596704","ENSG00000124214","-","HPRD:03422","3384","15047212"
"STK11","6794","NC_000019.9","1205798..1228434","602216","11389","515005","ENSG00000118046","-","HPRD:03740","393","19340305"
"STK31","56164","NC_000007.13","23749838..23872127","605790","11407","309767","ENSG00000196335","-","HPRD:10427","12677","18217980"
"STX16","8675","NC_000020.10","57226328..57254582","603666","11431","307913","ENSG00000124222","-","HPRD:04718","2791","18506748"
"SULF1","23213","NC_000008.10","70378859..70573147","610012","20391","409602","ENSG00000137573","-","HPRD:15450","49408","20084279"
"SULT2B1","6820","NC_000019.9","49055429..49102684","604125","11459","369331","ENSG00000088002","PA36249","HPRD:04991","49487","16353136"
"SYCP2","10388","NC_000020.10","58438618..58507209 complement","604105","11490","202676","ENSG00000196074","-","HPRD:06822","8604","18618715"
"SYK","6850","NC_000009.11","93564012..93660832","600085","11491","371720","ENSG00000165025"," PA36273","HPRD:02514","2390","15713962"
"TARS","6897","NC_000005.9","33440898..33468196","187790","11572","481860","ENSG00000113407","-","HPRD:01762","11852","18559093"
"TBC1D1","23216","NC_000004.11","37892720..38140794","609850","11578","176503","ENSG00000065882","-","HPRD:18161","56856","15047212"
"TBX3","6926","NC_000012.11","115108059..115121969 complement","601621","11602","725165","ENSG00000135111","-","HPRD:03373","4371","17054780"
"TCEA2","6919","NC_000020.10","62688439..62703700","604784","11614","505004","ENSG00000171703","-","HPRD:16069","68304","18506748"
"TERT","7015","NC_000005.9","1253282..1295162 complement","187270","11730","492203","ENSG00000164362","-","HPRD:01754","31141","19513524"
"TFF3","7033","NC_000021.8","43732163..43735706  complement","600633","11757","82961","ENSG00000160180","-","HPRD:02797","2427","16450401"
"TFPI2","7980","NC_000007.13","93515745..93520065 complement","600033","11761","438231","ENSG00000105825","-","HPRD:08962","38194","20208141"
"TFRC","7037","NC_000003.11","195776155..195809032 complement","190010","11763","529618","ENSG00000072274","-","HPRD:01812","2429","16353136"
"TGFA","7039","NC_000002.11","70674416..707811045 complement","190170","11765","170009","ENSG00000163235","-","HPRD:07522","2431","17306351"
"TGFB1","7040","NC_000019.9","41836651..41859816 complement","190180","11766","645227","ENSG00000105329","PA350 ","HPRD:01821","540","15771902"
"TGFB2","7042","NC_000001.10","218519391..218617961","190220","11768","133379","ENSG00000092969","-","HPRD:01828","2432","10389939"
"TGFBR1","7046","NC_000009.11","101867412..101916474","190181","11772","494622","ENSG00000106799","-","HPRD:01822","3177","15797633"
"TGM3","7053","NC_000020.10","2276613..2321725","600238","11779","2022","ENSG00000125780","-","HPRD:02584","20690","16353136"
"THBD","7056","NC_000020.10","23026270..23030301 complement","188040","11784","2030","ENSG00000178726","-","HPRD:01764","308","16450401"
"THBS1","7057","NC_000015.9","39873280..39889668","188060","11785","164226","ENSG00000137801","-","HPRD:01765","31142","15000492"
"THBS2","7058","NC_000006.11","169615875..169654137 complement","188061","11786","371147","ENSG00000186340","-","HPRD:01766","2438","11555600"
"TIMP1","7076","NC_000023.10","47441690..47446190","305370","11820","522632","ENSG00000102265","-","HPRD:02371","36321","15989693"
"TIMP2","7077","NC_000017.10","76849059..76921472 complement","188825","11821","633514","ENSG00000035862","-","HPRD:01784","2444","14712492"
"TIMP3","7078","NC_000022.10","33196802..33259028","188826","11822","644633","ENSG00000100234","-","HPRD:01785","36322","17971771"
"TKTL1","8277","NC_000023.10","153524151..153558700","300044","11835","102866","ENSG00000007350","-","HPRD:02080","8169","18686341"
"TLR2","7097","NC_000004.11","154605441..154627243","603028","11848","519033","ENSG00000137462","-","HPRD:04323","20695","19541348"
"TLR4","7099","NC_000009.11","120466460..120479768","603030","11850","174312","ENSG00000136869","PA36552","HPRD:04325","41317","19541348"
"TLR8","51311","NC_000023.10","12924758..12941288","300366","15632","660543","ENSG00000101916","-","HPRD:02296","44054","16353136"
"TMC6","11322","NC_000017.10","76108999..76128488 complement","605828","18021","632227","ENSG00000141524","-","HPRD:08386","5258","20084279"
"TMCO6","55374","NC_000005.9","140019012..140024989","0","28814","712585","ENSG00000113119","-","HPRD:15177","12431","15047212"
"TMEM132A","54972","NC_000011.9","60691913..60704631","0","31092","118552","ENSG00000006118","-","HPRD:11034","75076","18217980"
"TMPRSS11D","9407","NC_000004.11","68686594..68749716 complement","605369","24059","132195","ENSG00000153802","-","HPRD:05642","74519","16353136"
"TMPRSS11E","28983","NC_000004.11","69313167..69363322","610399","24465","201877","ENSG00000087128","-","HPRD:09912","8543","16353136"
"TNF","7124","NC_000006.11","31543350..31546112","191160","11892","241570","ENSG00000232810","PA435","HPRD:01855","496","17306351"
"TNFRSF10C","8794","NC_000008.10","22960434..22974950","603613","11906","655801","ENSG00000173535","-","HPRD:04681","48244","14999791"
"TOB1","10140","NC_000017.10","48939584..48941413  complement","605523","11979","531550","ENSG00000141232","-","HPRD:09273","31334","16450401"
"TOP2A","7153","NC_000017.10","38544795..38574169 complement","126430","11989","156346","ENSG00000131747","PA354","HPRD:00536","830","15047212"
"TP53","7157","NC_000017.10","7571720..7590863 complement","191170","11998","654481","ENSG00000141510","PA36679","HPRD:01859","460","10534770"
"TP73","7161","NC_000001.10","3569129..3650467","601990","12003","697294","ENSG00000078900","-","HPRD:03587","3960","17971771"
"TPX2","22974","NC_000020.10","30326904..30389603","605917","1249","244580","ENSG00000088325","-","HPRD:05802","8107","18506748"
"TRA2A","29896","NC_000007.13","23544399..23571656  complement","602718","16645","445652","ENSG00000164548","-","HPRD:04096","40866","16450401"
"TREM2","54209","NC_000006.11","41126246..41130922 complement","605086","17761","435295","ENSG00000095970","-","HPRD:05473","10352","18217980"
"TRIM29","23650","NC_000011.9","119981994..120008863  complement","610658","17274","504115","ENSG00000137699","-","HPRD:10280","8100","16450401"
"TRIP13","9319","NC_000005.9","893004..918160","604507","12307","436187","ENSG00000071539","-","HPRD:05145","3125","18559093"
"TSPAN3","10099","NC_000015.9","77338331..77363513  complement","613134","17752","5062","ENSG00000140391","-","HPRD:15512","21168","16450401"
"TUBB2","7280","NC_000006.11","3153900..3157783 complement","0","12412","654543","ENSG00000137267","PA358","HPRD:01852","68156","15047212"
"TWIST1","7291","NC_000007.13","19155091..19157295 complement","601622","12428","66744","ENSG00000122691","-","HPRD:03374","402","17548682"
"TYK2","7297","NC_000019.9","10461204..10491248 complement","176941","12440","75516","ENSG00000105397","-","HPRD:01490","20712","19007971"
"TYMS","7298","NC_000018.9","657604..673499","188350","12441","592338","ENSG00000176890","PA359","HPRD:01774","834","16353136"
"UFD1L","7353","NC_000022.10","19437701..19466726 complement","601754","12520","474213","ENSG00000070010","-","HPRD:06778","39090","15047212"
"UPK1A","11045","NC_000019.9","36157715..36169367","611557","12577","159309","ENSG00000105668","-","HPRD:15624","21383","16353136"
"VEGFA","7422","NC_000006.11","43737953..43754224","192240","12680","73793","ENSG00000112715","PA37302","HPRD:01889","2534","12829126"
"VEGFB","7423","NC_000011.9","64002266..64006259","601398","12681","78781","ENSG00000173511","-","HPRD:03237","2535","15982726"
"VEGFC","7424","NC_000004.11","177604694..177713895 complement","601528","12682","435215","ENSG00000150630","-","HPRD:03317","3962","15771902"
"VHL","7428","NC_000003.11","10183319..10193762","608537","12687","517792","ENSG00000134086","PA37307","HPRD:01905","465","17467893"
"VPS35","55737","NC_000016.9","46693589..46723144 complement","601501","13487","454528","ENSG00000069329","-","HPRD:06085","6221","15047212"
"VSIG4","11326","NC_000023.10","65241580..65259967 complement","300353","17032","8904","ENSG00000155659","-","HPRD:02286","48515","16353136"
"VWF","7450","NC_000012.11","6058040..6233836 complement","193400","12726","440848","ENSG00000110799","PA37337","HPRD:01906","466","17054779"
"WT1","7490","NC_000011.9","32409325..32457087 complement","607102","12796","591980","ENSG00000184937","-","HPRD:06163","11536","18398837"
"XRCC1","7515","NC_000019.9","44047464..44079730 complement","194360","12828","98493","ENSG00000073050","PA369","HPRD:01909","31368","19012493"
"YIF1A","10897","NC_000011.9","66052051..66056638 complement","611484","16688","446445","ENSG00000174851","-","HPRD:06755","56295","15047212"
"ZBED2","79413","NC_000003.11","111311747..111314166 complement","0","20710","136912","ENSG00000177494","-","HPRD:15686","56992","16353136"
"ZNF217","7764","NC_000020.10","52183610..52199636 complement","602967","13009","155040","ENSG00000171940","-","HPRD:04272","4757","19007971"
