"gene_name","hprd_id","mol_class","mol_fun","bio_pro","gene_id"
"A2M","HPRD:00072","Protease inhibitor","Protease inhibitor activity","Protein metabolism","2"
"ACADVL","HPRD:01940","Enzyme: Dehydrogenase","Catalytic activity","Energy pathways","37"
"ADAM9","HPRD:04091","Metallo protease","Metallopeptidase activity","Protein metabolism","8754"
"ADRM1","HPRD:06440","Cell surface receptor ","Receptor activity","Cell communication ; Signal transduction","11047"
"AEBP1","HPRD:04281","Transcription regulatory protein","Transcription regulator activity","Regulation of nucleobase, nucleoside, nucleotide and nucleic acid metabolism","165"
"AHCY","HPRD:01621","Enzyme: Hydrolase ","Hydrolase activity","Metabolism ; Energy pathways","191"
"AIM2","HPRD:05202","Unclassified","Molecular function unknown","Immune response","9447"
"AKT1","HPRD:01261","Serine/threonine kinase","Protein serine/threonine kinase activity","Cell communication ; Signal transduction","207"
"ALDH7A1","HPRD:00124","Enzyme: Oxidoreductase","Oxidoreductase activity","Metabolism ; Energy pathways","501"
"ALOX12","HPRD:01066","Enzyme: Lipase","Lipase activity","Metabolism ; Energy pathways","239"
"ALOX12B","HPRD:04772","Enzyme: Oxidoreductase","Oxidoreductase activity","Metabolism ; Energy pathways","242"
"ANG","HPRD:00105","Ribonuclease","Ribonuclease activity","Regulation of nucleobase,nucleoside,nucleotide and nucleicacid metabolism","283"
"ANLN","HPRD:09799","Structural protein ","Structural molecule activity","Cell growth and/or maintenance","54443"
"ANXA1","HPRD:01060","Calcium binding protein","Calcium ion binding","Cell communication ; Signal transduction","301"
"ANXA2","HPRD:01061","Calcium binding protein","Calcium ion binding","Cell communication ; Signal transduction","302"
"ANXA4","HPRD:00112","Calcium binding protein","Calcium ion binding","Cell communication ; Signal transduction","307"
"ANXA8","-","-","-","-","653145"
"APC","HPRD:01439","Adhesion molecule","Cell adhesion molecule activity","Cell communication ; Signal transduction","324"
"APLP2","HPRD:00103","Integral membrane protein","Protein binding","Cell communication ; Signal transduction","334"
"APOC1","HPRD:00131","Transport/cargo protein ","Transporter activity","Transport","341"
"APOD","HPRD:00134","Transport/cargo protein ","Transporter activity","Transport","347"
"APOL2","HPRD:06263","Transport/cargo protein","Transporter activity","Metabolism ; Energy pathways","23780"
"AQP3","HPRD:08970","Water channel","Water channel activity","Transport","360"
"ARHGAP12","HPRD:06446","GTPase activating protein","GTPase activator activity","Cell communication ; Signal transduction","94134"
"ARHGAP8","HPRD:06448","GTPase activating protein ","GTPase activator activity","Cell migration","23779"
"ASXL1","HPRD:16516","Transcription regulatory protein ","Transcription regulator activity","Regulation of nucleobase, nucleoside, nucleotide and nucleic acid metabolism","171023"
"ATIC","HPRD:03434","Enzyme: Hydrolase","Hydrolase activity","Metabolism ; Energy pathways","471"
"ATP9A","HPRD:18541","ATPase ","ATPase activity","Regulation of enzyme activity","10079"
"B4GALT5","HPRD:06807","Enzyme: Galactosyltransferase","Galactosyltransferase activity","Metabolism ; Energy pathways","9334"
"BAG1","HPRD:03292","Transcription factor","Transcription factor activity","Regulation of nucleobase, nucleoside, nucleotide and nucleic acid metabolism","573"
"BANF1","HPRD:04817","DNA binding protein","DNA binding","unknown","8815"
"BASP1","HPRD:08389","Transcription regulatory protein ","Transcription regulator activity","Regulation of nucleobase, nucleoside, nucleotide and nucleic acid metabolism","10409"
"BAT2L2","HPRD:16539","Unclassified","Molecular function unknown","Biological_process unknown","23215"
"BCL2","HPRD:01045","Adapter molecule","Receptor signaling complex scaffold activity","Apoptosis","596"
"BCL2L1","HPRD:02497","Adapter molecule","Receptor signaling complex scaffold activity","Apoptosis","598"
"BCL2L2","HPRD:03569","Adapter molecule","Adapter molecule","Adapter molecule","599"
"BICD2","HPRD:09826","Structural protein","Protein binding","Vesicle-mediated transport","23299"
"BIRC5","HPRD:04520","Adapter molecule ","Receptor signaling complex scaffold activity","Cell communication ; Signal transduction","332"
"BLU","HPRD:06145","Unclassified","Molecular function unknown","Biological_process unknown","51364"
"BNIP3","HPRD:04482","Unclassified","Molecular function unknown","Apoptosis","664"
"BRAF","HPRD:01264","Serine/threonine kinase","Protein serine/threonine kinase activity","Cell communication ; Signal transduction","673"
"BRCA1","HPRD:00218","Transcription regulatory protein ","Transcription regulator activity","Regulation of gene expression, epigenetic","672"
"BRD9","HPRD:12532","Unclassified ","Molecular function unknown","Biological_process unknown","65980"
"BST2","HPRD:02759","Integral membrane protein","Molecular function unknown","Immune response","684"
"BRIX1","HPRD:16563","Unclassified ","Molecular function unknown","Biological_process unknown","55299"
"BZW2","HPRD:16571","Translation regulatory protein","Translation regulator activity","Protein metabolism","28969"
"C13ORF18","HPRD:12615","Unclassified","Molecular function unknown","Biological_process unknown","80183"
"C15orf48","HPRD:16332","Unclassified","Molecular function unknown","Biological_process unknown","84419"
"C1QBP","HPRD:03168","Complement receptor","Complement receptor activity","Immune response","708"
"C20orf20","HPRD:16646","Transcription regulatory protein","Transcription regulator activity","Regulation of nucleobase, nucleoside, nucleotide and nucleic acid metabolism","55257"
"C20orf30","HPRD:12762","Integral membrane protein","Molecular function unknown","Biological_process unknown","29058"
"C3","HPRD:00400","Complement protein","Complement activity","Immune response","718"
"C4orf41","HPRD:10968","Unclassified ","Molecular function unknown","Biological_process unknown","60684"
"C5orf22","HPRD:07740","Unclassified ","Molecular function unknown","Biological_process unknown","55322"
"C5orf28","HPRD:07965","Unclassified ","Molecular function unknown","Biological_process unknown","64417"
"CACYBP","HPRD:07316","Ubiquitin proteasome system protein","Molecular function unknown","Protein metabolism","27101"
"CADM1","HPRD:05746","Adhesion molecule","Cell adhesion molecule activity","Cell communication ; Signal transduction","23705"
"CALCA","HPRD:00238","Peptide hormone","Hormone activity","Regulation of physiological process","796"
"CAMKK2","HPRD:06467","Enzyme: Phosphorylase","Phosphorylase activity","Calcium-mediated signaling ; Regulation of enzyme activity","10645"
"CAMKV","HPRD:11361","Unclassified","Molecular function unknown","Biological_process unknown","79012"
"CCNA1","HPRD:04946","Cell cycle control protein","Kinase binding","Cell communication ; Signal transduction","8900"
"CCNB1","HPRD:00454","Cell cycle control protein","Kinase binding","Cell communication ; Signal transduction","891"
"CCND1","HPRD:01346","Cell cycle control protein","Kinase binding","Cell communication ; Signal transduction","595"
"CCND2","HPRD:00451","Cell cycle control protein","Kinase binding","Cell communication ; Signal transduction","894"
"CCNE1","HPRD:00455","Cell cycle control protein","Kinase binding","Cell communication ; Signal transduction","898"
"CCR2","-","-","-","-","729230"
"CD28","HPRD:01727","Cell surface receptor","Receptor activity","Immune response","940"
"CD44","HPRD:00115","Cell surface receptor ","Receptor activity","Cell communication ; Signal transduction","960"
"CD63","HPRD:01121","Integral membrane protein","unknown","Cell communication; Signal transduction Isoform1","967"
"CD83","HPRD:05170","Unclassified","Molecular function unknown","Immune response","9308"
"CDA","HPRD:11744","Enzyme: Deaminase","Deaminase activity","Metabolism ; Energy pathways","978"
"CDC40","HPRD:05721","Transcription regulatory protein ","Transcription regulator activity","Regulation of nucleobase, nucleoside, nucleotide and nucleic acid metabolism","51362"
"CDH1","HPRD:01885","Adhesion molecule","Cell adhesion molecule activity","Cell communication ; Signal transduction","999"
"CDH11","HPRD:08960","Cell junction protein ","Cell adhesion molecule activity","Cell growth and/or maintenance","1009"
"CDH13","HPRD:03219","Adhesion molecule","Cell adhesion molecule activity","Cell growth and/or maintenance","1012"
"CDH15","HPRD:00225","Adhesion molecule","Cell adhesion molecule activity","Cell growth and/or maintenance","1013"
"CDH2","HPRD:00226","Adhesion molecule","Cell adhesion molecule activity","Cell communication ; Signal transduction","1000"
"CDH3","HPRD:00227","Adhesion molecule","Cell adhesion molecule activity","Cell adhesion molecule activity","1001"
"CDH4","HPRD:04304","Adhesion molecule","Cell adhesion molecule activity","Cell communication ; Signal transduction","1002"
"CDK2","HPRD:00310","Cell cycle control protein ","Kinase activity","Regulation of nucleobase, nucleoside, nucleotide and nucleic acid metabolism","1017"
"CDK6","HPRD:04533","Cell cycle control protein","Protein binding","Cell communication ; Signal transduction","1021"
"CDKN1A","HPRD:00298","Cell cycle control protein","Kinase regulator activity","Regulation of cell cycle","1026"
"CDKN1B","HPRD:02867","Cell cycle control protein ","Kinase regulator activity","Cell communication ; Signal transduction","1027"
"CDKN2A","HPRD:02542","Cell cycle control protein","Kinase regulator activity","Cell communication ; Signal transduction","1029"
"CDKN2B","HPRD:02696","Cell cycle control protein","Kinase regulator activity","Cell communication ; Signal transduction","1030"
"CEACAM1","HPRD:00191","Adhesion molecule ","Molecular function unknown","Signal transduction","634"
"CEACAM5","HPRD:00274","Adhesion molecule","Cell adhesion molecule activity","Immune response","1048"
"CEACAM6","HPRD:01233","Adhesion molecule","Cell adhesion molecule activity","Cell communication;Signal transduction","4680"
"CEACAM7","HPRD:07629","Unclassified","unknown","Cell communication; Signal transduction","1087"
"CEBPB","HPRD:01801","Transcription factor","Transcription factor activity","Regulation of nucleobase, nucleoside, nucleotide and nucleic acid metabolism","1051"
"CELA2A","HPRD:06495","Protease","Peptidase activity","Protein metabolism","63036"
"CELSR1","HPRD:05160","G protein coupled receptor","G-protein coupled receptor activity","Cell communication ; Signal transduction","9620"
"CES1","HPRD:00268","Enzyme: Esterase","Hydrolase activity","Metabolism","1066"
"CHFR","-","-","-","-","55743"
"CITED2","HPRD:04245","Transcription regulatory protein","Transcription regulator activity","Regulation of nucleobase, nucleoside, nucleotide and nucleic acid metabolism","10370"
"CKS2","HPRD:00300","Cell cycle control protein","Molecular function unknown","Cell communication ; Signal transduction","1164"
"CLDN1","HPRD:04760","Cell junction protein ","Cell adhesion molecule activity","Cell growth and/or maintenance","9076"
"CLEC2B","HPRD:09129","Adhesion molecule","Cell adhesion molecule activity","Cell communication;Signal transduction","9976"
"CLIC3","HPRD:05941","Intracellular ligand gated channel","Intracellular ligand-gated ion channel activity","Transport","9022"
"CNOT1","HPRD:11999","Transcription regulatory protein","Transcription regulator activity","Transcription","23019"
"COL1A1","HPRD:00362","Extracellular matrix protein","Extracellular matrix structural constituent","Cell growth and/or maintenance","1277"
"CPE","HPRD:00272","Carboxypeptidase","Carboxypeptidase activity","Protein metabolism","1363"
"CPEB1","HPRD:09553","RNA binding protein","RNA binding","Protein metabolism","64506"
"CPEB3","HPRD:16745","Unclassified ","Molecular function unknown","Biological_process unknown","22849"
"CR1","HPRD:00398","Complement receptor","Complement receptor activity","Immune response","1378"
"CRABP2","HPRD:08353","Transcription regulatory protein","Transcription regulator activity","Regulation of nucleobase, nucleoside, nucleotide and nucleicacid metabolism","1382"
"CRCT1","HPRD:16635","Unclassified","Molecular function unknown","Biological_process unknown","54544"
"CRISP3","HPRD:11788","Extracellular matrix protein","Extracellular matrix structural constituent","Immune response","10321"
"CRNN","HPRD:12720","Heat shock protein","Heat shock protein activity","Protein metabolism","49860"
"CRYAB","HPRD:00428","Heat shock protein","Heat shock protein activity","Protein metabolism","1410"
"CSE1L","HPRD:03217","Transport/cargo protein","Transporter activity","Transport","1434"
"CSF1","HPRD:00388","Cytokine","Cytokine activity","Immune response","1435"
"CSF1R","HPRD:01269","Receptor tyrosine kinase ","Transmembrane receptor protein tyrosine kinase activity","Cell communication ; Signal transduction","1436"
"CTGF","HPRD:00412","Extracellular matrix protein","Extracellular matrix structural constituent","Cell growth and/or maintenance","1490"
"CTNNB1","HPRD:00286","Adhesion molecule ","Cell adhesion molecule activity","Cell communication ; Signal transduction","1499"
"CTSC","HPRD:03841","Cysteine protease","Cysteine-type peptidase activity","Protein metabolism","1075"
"CTSF","HPRD:04643","Cysteine protease","Cysteine-type peptidase activity","Protein metabolism","8722"
"CTSH","HPRD:00288","Cysteine protease","Cysteine-type peptidase activity","Protein metabolism","1512"
"CTSL1","HPRD:00293","Cysteine protease","Cysteine-type peptidase activity","Protein metabolism","1514"
"CTSS","HPRD:00292","Cysteine protease","Cysteine-type peptidase activity","Protein metabolism","1520"
"CUEDC1","HPRD:13098","Ubiquitin proteasome system protein ","Ubiquitin-specific protease activity","Protein metabolism","404093"
"CWH43","HPRD:08638","Unclassified","Molecular function unknown","Biological_process unknown","80157"
"CYBA","HPRD:01989","Enzyme: Oxidase ","Catalytic activity","Metabolism ; Energy pathways","1535"
"CXCR2","HPRD:00907","G protein coupled receptor","G-protein coupled receptor activity","Cell communication ; Signal transduction","3579"
"CYR61","HPRD:09089","Extracellular matrix protein ","Extracellular matrix structural constituent","Cell communication ; Signal transduction","3491"
"DAP3","HPRD:03646","Ribosomal subunit","Ribonucleoprotein","Apoptosis","7818"
"DAPK1","HPRD:02902","Serine/threonine kinase","Protein serine/threonine kinase activity","Cell communication ; Signal transduction","1612"
"DDIT3","HPRD:00529","Transcription factor","Transcription factor activity","Regulation of nucleobase, nucleoside, nucleotide and nucleic acid metabolism","1649"
"DDOST","HPRD:03728","Enzyme: Galactosyltransferase","Galactosyltransferase activity","Metabolism ; Energy pathways","1650"
"DDX27","HPRD:10859","RNA helicase ","Helicase activity","Regulation of nucleobase, nucleoside, nucleotide and nucleic acid metabolism","55661"
"DEK","HPRD:00503","DNA binding protein ","DNA binding","Regulation of nucleobase, nucleoside, nucleotide and nucleic acid metabolism","7913"
"DHFR","HPRD:00519","Enzyme: Oxidoreductase","Oxidoreductase activity","Regulation of nucleobase, nucleoside, nucleotide and nucleic acid metabolism","1719"
"DLC1","HPRD:05035","GTPase activating protein","GTPase activator activity","Regulation of cell proliferation ; Apoptosis ; Regulation of cell growth","10395"
"DMC1","HPRD:4099","DNA binding protein","DNA binding","Regulation of nucleobase, nucleoside, nucleotide and nucleic acid metabolism","11144"
"DNAJC9","HPRD:13237","Chaperone","Chaperone activity","Protein metabolism","23234"
"DNMT1","HPRD:00532","DNA methyltransferase","DNA-methyltransferase activity","Regulation of nucleobase, nucleoside, nucleotide and nucleic acid metabolism","1786"
"DNMT3L","HPRD:09417","DNA methyltransferase","Transcription regulator activity","Regulation of nucleobase, nucleoside, nucleotide and nucleic acid metabolism","29947"
"DSG1","HPRD:00515","Cell junction protein","Cell adhesion molecule activity","Cell growth and/or maintenance","1828"
"DSG2","HPRD:00516","Adhesion molecule","Cell adhesion molecule activity","Cell growth and/or maintenance","1829"
"DTL","HPRD:17952","Unclassified","Molecular function unknown","Biological_process unknown","51514"
"DUSP1","HPRD:02835","Dual specificity phosphatase ","Protein tyrosine/serine/threonine phosphatase activity","Cell communication ; Signal transduction","1843"
"DUSP26","HPRD:14421","Dual specificity phosphatase ","Protein tyrosine/serine/threonine phosphatase activity","Cell communication ; Signal transduction","78986"
"DUT","HPRD:3165","Enzyme: Hydrolase","Hydrolase activity","DNA replication","1854"
"E2F1","HPRD:01806","Transcription factor","Transcription factor activity","Regulation of nucleobase, nucleoside, nucleotide and nucleic acid metabolism","1869"
"E2F2","HPRD:02692","Transcription factor ","Transcription factor activity","Regulation of nucleobase, nucleoside, nucleotide and nucleic acid metabolism","1870"
"E2F3","HPRD:02693","Transcription factor ","Transcription factor activity","Regulation of nucleobase, nucleoside, nucleotide and nucleic acid metabolism","1871"
"E2F4","HPRD:02806","Transcription factor","Transcription factor activity","Regulation of nucleobase, nucleoside, nucleotide and nucleic acid metabolism","1874"
"E2F5","HPRD:02983","Transcription factor ","Transcription factor activity","Regulation of nucleobase, nucleoside, nucleotide and nucleic acid metabolism","1875"
"ECT2","HPRD:11860","Guanine nucleotide exchange factor","Guanyl-nucleotide exchange factor activity","Cell communication ; Signal transduction","1894"
"EDN1","HPRD:07030","Peptide hormone","Hormone activity","Cell communication ; Signal transduction","1906"
"EDN2","HPRD:07173","Peptide hormone","Hormone activity","Cell communication ; Signal transduction","1907"
"EDN3","HPRD:00570","Ligand","Peptide hormone","Cell development","1908"
"EDNRA","HPRD:00571","G protein coupled receptor","G-protein coupled receptor activity","Cell communication ; Signal transduction","1909"
"EFNA1","HPRD:01858","Ligand","Receptor binding","Cell communication ; Signal transduction","1942"
"EGFR","HPRD:00579","Receptor tyrosine kinase","Transmembrane receptor protein tyrosine kinase activity","Cell communication ; Signal transduction","1956"
"EMP1","HPRD:11892","Cell cycle control protein","Molecular function unknown","Cell growth and/or maintenance","2012"
"ENDOU","HPRD:12110","Serine protease","Serine-type peptidase activity","Protein metabolism","8909"
"ENG","HPRD:00565","Cell surface receptor ","Receptor activity","Cell communication ; Signal transduction","2022"
"EPB41L3","HPRD:05622","Structural protein","Structural molecule activity","Cell growth and/or maintenance","23136"
"EPB41L4B","HPRD:09940","Structural protein","Structural molecule activity","Cell growth and/or maintenance","54566"
"EPCAM","HPRD:01709","Adhesion molecule","Cell adhesion molecule activity","Cell communication; Signal transduction","4072"
"EPS8","HPRD:02563","Adapter molecule","Receptor signaling complex scaffold activity","Cell communication; Signal transduction","2059"
"ERBB2","HPRD:01281","Receptor tyrosine kinase","Transmembrane receptor protein tyrosine kinase activity","Cell communication ; Signal transduction","2064"
"ERBB4","HPRD:02767","Receptor tyrosine kinase","Transmembrane receptor protein tyrosine kinase activity","Cell communication ; Signal transduction","2066"
"EREG","HPRD:03638","Growth factor","Growth factor activity","Cell communication ; Signal transduction","2069"
"ESR1","HPRD:00589","Transcription factor","Transcription factor activity","Regulation of nucleobase, nucleoside, nucleotide and nucleic acid metabolism","2099"
"ESR2","HPRD:03390","Transcription factor","Transcription factor activity","Regulation of nucleobase, nucleoside, nucleotide and nucleic acid metabolism","2100"
"EXO1","HPRD:06932","DNA exonuclease","Exonuclease activity","Regulation of nucleobase, nucleoside, nucleotide and nucleic acid metabolism","9156"
"EZH2","HPRD:03342","Transcription regulatory protein","Transcription regulator activity","Regulation of nucleobase, nucleoside, nucleotide and nucleic acid metabolism","2146"
"FANCA","HPRD:06186","DNA binding protein","DNA binding","DNA repair","2175"
"FANCF","HPRD:04589","DNA binding protein ","DNA binding","Regulation of nucleobase, nucleoside, nucleotide and nucleic acid metabolism","2188"
"FASTKD3 ","HPRD:10083","Unclassified","Molecular function unknown","Biological_process unknown","79072"
"FGF1","HPRD:00567","Growth factor","Growth factor activity","Cell communication ; Signal transduction","2246"
"FGF2 ","HPRD:00622","Growth factor","Growth factor activity","Cell communication ; Signal transduction","2247"
"FGF7","HPRD:01022","Growth factor","Growth factor activity","Cell communication ; Signal transduction","2252"
"FGFR2","HPRD:01492","Receptor tyrosine kinase","Transmembrane receptor protein tyrosine kinase activity","Cell communication ; Signal transduction","2263"
"FHIT","HPRD:03096","Enzyme: Hydrolase","Hydrolase activity","Regulation of nucleobase, nucleoside, nucleotide and nucleic acid metabolism","2272"
"FLNA","HPRD:02060","Anchor protein","Cytoskeletal anchoring activity","Cell growth and/or maintenance","2316"
"FLT1","HPRD:01297","Receptor tyrosine kinase ","Transmembrane receptor protein tyrosine kinase activity","Cell communication ; Signal transduction","2321"
"FOXL2","HPRD:05723","Transcription regulatory protein","Transcription regulator activity","Regulation of nucleobase, nucleoside, nucleotide and nucleic acid metabolism","668"
"FUS","HPRD:00660","RNA binding protein","Nucleocytoplasmic transporter activity","RNA localization","2521"
"GAPDH","HPRD:00713","Enzyme: Dehydrogenase","Catalytic activity","Metabolism ; Energy pathways","2597"
"GARS","HPRD:02617","Enzyme: Ligase","Ligase activity","Protein metabolism","2617"
"GATA3","HPRD:00572","Transcription factor","Transcription factor activity","Regulation of gene expression, epigenetic","2625"
"GDF15","HPRD:05608","Growth factor","Growth factor activity","Cell communication ; Signal transduction","9518"
"GFOD2","HPRD:14419","Unclassified","Molecular function unknown","Biological_process unknown","81577"
"GJA1 ","HPRD:00414","Membrane transport protein","Auxiliary transport protein activity","Transport","2697"
"GLI1","HPRD:01311","Transcription factor ","Transcription factor activity","Cell communication ; Signal transduction","2735"
"GLTP","HPRD:16409","Transport/cargo protein","Transporter activity","Transport","51228"
"GPX3","HPRD:11750","Enzyme: Peroxidase","Peroxidase activity","Metabolism ; Energy pathways","2878"
"GRB2","HPRD:00150","Adapter molecule","Receptor signaling complex scaffold activity","Signal transduction ; Regulation of cell cycle","2885"
"GRM4","HPRD:04978","G protein coupled receptor","G-protein coupled receptor activity","Cell communication ; Signal transduction","2914"
"GSS","HPRD:03000","Enzyme: Ligase","Ligase activity","Metabolism ; Energy pathways","2937"
"GSTP1","HPRD:00614","Enzyme: Glutathione transferase","Glutathione transferase activity","Metabolism ; Energy pathways","2950"
"GTF2F2","HPRD:01804","Transcription factor","Transcription factor activity","Regulation of nucleobase, nucleoside, nucleotide and nucleic acid metabolism","2963"
"GTF2H4","HPRD:03456","Transcription factor","Transcription factor activity","Regulation of nucleobase, nucleoside, nucleotide and nucleic acid metabolism","2968"
"GYS2","HPRD:00722","Enzyme: Ligase","Ligase activity","Metabolism ; Energy pathways","2998"
"HBA2","HPRD:00785","Transport/cargo protein","Transporter activity","Transport","3040"
"HDLBP","HPRD:00813","Transport/cargo protein","Transporter activity","Transport","3069"
"HIC1","HPRD:04826","Transcription regulatory protein","Transcription regulator activity","Regulation of nucleobase, nucleoside, nucleotide and nucleic acid metabolism","3090"
"HIN-1","HPRD:05932","Secreted polypeptide","Cytokine activity","Cell communication ; Signal transduction","92304"
"HIST1H1C","HPRD:07514","DNA binding protein","DNA binding","Regulation of nucleobase, nucleoside, nucleotide and nucleic acid metabolism","3006"
"HIST2H2BE","HPRD:03494","DNA binding protein","DNA binding","Regulation of nucleobase,nucleoside,nucleotide and nucleicacid metabolism","8349"
"HLA-C","HPRD:00829","MHC complex protein","MHC class I receptor activity","Immune response","3107"
"HLA-DQB1","HPRD:05054","MHC complex protein","MHC class I receptor activity","Immune response","3119"
"HLA-DRA","HPRD:00833","MHC complex protein","MHC class I receptor activity","Immune response","3122"
"HLA-DRB3","HPRD:09985","MHC complex protein","MHC class I receptor activity","Immune response","3125"
"HLA-DRB5","HPRD:09209","MHC complex protein","MHC class I receptor activity","Immune response","3127"
"HLTF","HPRD:04461","DNA binding protein","DNA binding","Regulation of nucleobase, nucleoside, nucleotide and nucleic acid metabolism","6596"
"HMGB1","HPRD:01228","DNA binding protein","DNA binding","Regulation of nucleobase, nucleoside, nucleotide and nucleic acid metabolism","3146"
"HOPX","HPRD:06280","Transcription regulatory protein","Transcription regulatory protein","Regulation of gene expression, epigenetic","84525"
"HOXA1","HPRD:00843","Transcription factor","Transcription factor activity","Regulation of nucleobase, nucleoside, nucleotide and nucleic acid metabolism","3198"
"HOXB6","HPRD:00849","Transcription factor","Transcription factor activity","Regulation of nucleobase,nucleoside,nucleotide and nucleicacid metabolism","3216"
"HOXC10","HPRD:05710","Transcription factor ","Transcription factor activity","Regulation of nucleobase, nucleoside, nucleotide and nucleic acid metabolism","3226"
"HPGD","HPRD:03406","Enzyme: Dehydrogenase","Catalytic activity","Metabolism ; Energy pathways","3248"
"HRAS","HPRD:01813","GTPase","GTPase activity","Cell communication ; Signal transduction","3265"
"HS3ST2","HPRD:04957","Enzyme: Sulphotransferase","Sulfotransferase activity","Metabolism ; Energy pathways","9956"
"HSP90AA1","HPRD:00777","Chaperone","Chaperone activity","Protein metabolism","3320"
"HSPB2","HPRD:03712","Heat shock protein","Heat shock protein activity","Protein metabolism","3316"
"HSPB8","HPRD:06420","Heat shock protein","Heat shock protein activity","Protein metabolism","26353"
"HSPD1","HPRD:00318","Heat shock protein","Heat shock protein activity","Protein metabolism","3329"
"HUWE1","HPRD:06608","DNA binding protein","DNA binding","Regulation of nucleobase, nucleoside, nucleotide and nucleic acid metabolism","10075"
"HYAL1","HPRD:06146","Enzyme: Hydrolase","Hydrolase activity","Metabolism","3373"
"ICOS","HPRD:09196","Cell surface receptor ","Receptor activity","Immune response","29851"
"IER5","HPRD:06210","Transcription regulatory protein","Transcription regulator activity","Regulation of nucleobase, nucleoside, nucleotide and nucleic acid metabolism","51278"
"IFI16","HPRD:00969","Transcription regulatory protein","Transcription regulator activity","Regulation of cell growth","3428"
"IFI6","HPRD:00959","Unclassified","Cytokine activity","Anti-apoptosis ;Immune response","2537"
"IFITM1","HPRD:05122","Unclassified","Molecular function unknown","Cell communication ; Signal transduction","8519"
"IFNG","HPRD:00957","Cytokine","Cytokine activity","Immune response","3458"
"IGF1","HPRD:00936","Growth factor","Growth factor activity","Cell communication ; Signal transduction ; Anti-apoptosis ; Lipid metabolism ; Wound healing ; Cell proliferation ; Cell motility","3479"
"IGF2","HPRD:00939","Growth factor","Growth factor activity","Cell communication ; Signal transduction","3481"
"IGFBP2","HPRD:00898","Secreted polypeptide","Growth factor activity","Cell communication ; Signal transduction","3485"
"IGFBP3","HPRD:00899","Growth inhibitory factor","Growth factor binding","Cell communication ; Signal transduction ; Apoptosis","3486"
"IGFBP5","HPRD:00901","Adhesion molecule","Cell adhesion molecule activity","Cell communication ; Signal transduction","3488"
"IGFBP6","HPRD:00902","Adhesion molecule","Cell adhesion molecule activity","Cell communication ; Signal transduction","3489"
"IL10","HPRD:00495","Cytokine","Cytokine activity","Immune response","3586"
"IL18","HPRD:02976","Cytokine","Cytokine activity","Immune response","3606"
"IL1A","HPRD:00988","Cytokine","Cytokine activity","Immune response","3552"
"IL1RN","HPRD:00978","Cytokine","Cytokine activity","Cell communication ; Signal transduction","3557"
"IL32","HPRD:09346","Adhesion molecule","Cell adhesion molecule activity","Immune response","9235"
"IL6","HPRD:00970","Cytokine","Cytokine activity","Immune response","3569"
"IL8","HPRD:00909","Cytokine","Cytokine activity","Immune response","3576"
"ILF2","HPRD:04419","Transcription factor","Transcription factor activity","Regulation of nucleobase, nucleoside, nucleotide and nucleic acid metabolism","3608"
"IMP3","HPRD:12664","RNA binding protein","Ribonucleoprotein","Regulation of nucleobase, nucleoside, nucleotide and nucleic acid metabolism","55272"
"INPP5E","HPRD:17151","Enzyme: Phosphatase","Lipid phosphatase activity","Metabolism ; Energy pathways","56623"
"IPO5","HPRD:03597","Transport/cargo protein","Transporter activity","Transport","3843"
"IRF3","HPRD:04769","Transcription factor","Transcription factor activity","Regulation of nucleobase, nucleoside, nucleotide and nucleic acid metabolism","3661"
"ITGA1","HPRD:01892","Cell surface receptor","Receptor activity","Cell communication ; Signal transduction","3672"
"ITGA4","HPRD:01894","Cell surface receptor","Receptor activity","Cell communication ; Signal transduction","3676"
"ITGA6","HPRD:00945","Cell surface receptor","Receptor activity","Cell communication ; Signal transduction","3655"
"ITGAV ","HPRD:01903","Cell surface receptor","Receptor activity","Cell communication ; Signal transduction ; Cell adhesion","3685"
"ITGB1","HPRD:00628","Cell surface receptor","Receptor activity","Cell communication ; Immune cell migration","3688"
"ITGB2","HPRD:02506","Adhesion molecule","Cell adhesion molecule activity","Cell communication ; Signal transduction","3689"
"ITGB8","HPRD:05001","Cell surface receptor","Receptor activity","Cell communication ; Signal transduction","3696"
"ITM2C","HPRD:17167","Integral membrane protein","unknown","unknown","81618"
"IVL","HPRD:00931","Structural protein","Structural molecule activity","Cell growth and/or maintenance","3713"
"JAK1","HPRD:00992","Tyrosine kinase","Protein-tyrosine kinase activity","Cell communication ; Signal transduction","3716"
"JUNB","HPRD:01303","Transcription factor","Transcription factor activity","Regulation of nucleobase, nucleoside, nucleotide and nucleic acid metabolism","3726"
"KCNC4","HPRD:08887","Voltage gated channel","Voltage-gatedion channel activity","Transport","3749"
"KCNJ4","HPRD:02738","Inward rectifier channel","Ion channel activity","Transport","3761"
"KIAA1324","HPRD:13850","Unclassified","unknown","unknown","57535"
"KIT","HPRD:01287","Receptor tyrosine kinase","Transmembrane receptor protein tyrosine kinase activity","Cell communication ; Signal transduction","3815"
"KITLG","HPRD:01698","Growth factor","Growth factor activity","Cell communication ; Signal transduction","4254"
"KLF3","HPRD:13920","Transcription regulatory protein","Transcription regulator activity","Regulation of nucleobase, nucleoside, nucleotide and nucleic acid metabolism","51274"
"KLK10","HPRD:04054","Serine protease","Serine-type peptidase activity","Protein metabolism","5655"
"KLK11","HPRD:05114","Serine protease","Serine-type peptidase activity","Protein metabolism","11012"
"KLK12","HPRD:05705","Serine protease","Serine-type peptidase activity","Serine-type peptidase activity","43849"
"KLK13","HPRD:05693","Serine protease","Serine-type peptidase activity","Protein metabolism","26085"
"KLK2","HPRD:01006","Serine protease","Serine-type peptidase activity","Protein metabolism","3817"
"KLK7","HPRD:05115","Serine protease","Serine-type peptidase activity","Protein metabolism","5650"
"KLK8","HPRD:05733","Serine protease","Serine-type peptidase activity","Protein metabolism","11202"
"KRAS","HPRD:01817","GTPase","GTPase activity","Signal transduction","3845"
"KRT1","HPRD:00763","Structural protein","Structural molecule activity","Cell growth and/or maintenance","3848"
"KRT10","HPRD:01021","Structural protein","Structural molecule activity","Cell growth and/or maintenance","3858"
"KRT13","HPRD:01016","Structural protein","Structural molecule activity","Cell growth and/or maintenance","3860"
"KRT15","HPRD:01009","Cytoskeletal protein ","Structural constituent of cytoskeleton","Cell growth and/or maintenance","3866"
"KRT17","HPRD:01019","Cytoskeletal protein ","Structural constituent of cytoskeleton","Cell growth and/or maintenance","3872"
"KRT18","HPRD:01020","Cytoskeletal protein ","Structural constituent of cytoskeleton","Cell growth and/or maintenance","3875"
"KRT19","HPRD:01007","Cytoskeletal protein ","Structural constituent of cytoskeleton","Cell growth and/or maintenance","3880"
"KRT3","HPRD:01013","Cytoskeletal protein ","Structural constituent of cytoskeleton","Cell growth and/or maintenance","3850"
"KRT4","HPRD:00478","Cytoskeletal protein ","Structural constituent of cytoskeleton","Cell growth and/or maintenance","3851"
"KRT6B","HPRD:01012","Structural protein","Structural molecule activity","Cell growth and/or maintenance","3854"
"KRT7","HPRD:01014","Cytoskeletal protein","Structural constituent of cytoskeleton","Cell growth and/or maintenance","3855"
"KRT8","HPRD:01015","Structural protein","Structural molecule activity","Cell growth and/or maintenance","3856"
"KRTHA3B","HPRD:04136","Cytoskeletal protein","Structural constituent of cytoskeleton","Cell growth and/or maintenance","3884"
"LAMA5","HPRD:03020","Adhesion molecule","Cell adhesion molecule activity","Cell growth and/or maintenance","3911"
"LARP7","HPRD:17095","Unclassified","Molecular function unknown","Biological_process unknown","51574"
"LDHA","HPRD:01025","Enzyme: Dehydrogenase","Catalytic activity","Metabolism ; Energy pathways","3939"
"LGALS7","HPRD:09002","Cell junction protein","Cell adhesion molecule activity","Cell growth and/or maintenance","3963"
"LGR5","HPRD:05979","G protein coupled receptor","G-protein coupled receptor activity","Cell communication ; Signal transduction","8549"
"LHFPL4","HPRD:17361","Unclassified","unknown","unknown","375323"
"LMX1A","HPRD:02623","Transcription factor","Transcription factor activity","Regulation of nucleobase, nucleoside, nucleotide and nucleic acid metabolism","4009"
"LSM3","HPRD:06283","RNA binding protein","RNA binding","Regulation of nucleobase, nucleoside, nucleotide and nucleic acid metabolism","27258"
"LSMD1","HPRD:17491","Unclassified","Molecular function unknown","Biological_process unknown","84316"
"LY6D","HPRD:09370","Adhesion molecule","Cell adhesion molecule activity","Cell communication; Signal transduction","8581"
"LYPLA1","HPRD:07063","Enzyme: Phospholipase","Phospholipase activity","Metabolism ; Energy pathways","10434"
"MAL","HPRD:01789","Transport/cargo protein","Transporter activity","Transport","4118"
"MAP3K11","HPRD:02502","Serine/threonine kinase","Protein serine/threonine kinase activity","Cell communication ; Signal transduction\n","4296"
"MBNL2","HPRD:09543","RNA binding protein","RNA binding","Regulation of nucleobase, nucleoside, nucleotide and nucleic acid metabolism","10150"
"MCM2","HPRD:00303","DNA binding protein","DNA binding","Regulation of nucleobase, nucleoside, nucleotide and nucleic acid metabolism","4171"
"MCM3","HPRD:04072","DNA binding protein","DNA binding","Regulation of nucleobase, nucleoside, nucleotide and nucleic acid metabolism","4172"
"MCM4","HPRD:09094","DNA binding protein","DNA binding","Regulation of nucleobase, nucleoside, nucleotide and nucleic acid metabolism","4173"
"MCM5","HPRD:04075","DNA binding protein","DNA binding","Regulation of nucleobase, nucleoside, nucleotide and nucleic acid metabolism","4174"
"MDM2","HPRD:01272","Ubiquitin proteasome system protein","Ubiquitin-specific protease activity","Protein metabolism","4193"
"ME1","HPRD:01102","Enzyme: Decarboxylase","Carboxy-lyase activity","Metabolism ; Energy pathways","4199"
"MEF2A","HPRD:02807","Transcription regulatory protein","Transcription regulator activity","Transcription","4205"
"MET","HPRD:01280","Receptor tyrosine kinase","Transmembrane receptor protein tyrosine kinase activity","Cell communication ; Signal transduction","4233"
"MGMT","HPRD:01135","DNA repair protein","DNA repair protein","Regulation of nucleobase, nucleoside, nucleotide and nucleic acid metabolism","4255"
"MLH1","HPRD:00390","DNA repair protein","DNA repair protein","Regulation of nucleobase, nucleoside, nucleotide and nucleic acid metabolism","4292"
"MLLT4","HPRD:01164","Cell junction protein","Cell adhesion molecule activity","Cell communication ; Signal transduction","4301"
"MMP1","HPRD:00384","Metallo protease","Metallo peptidase activity","Protein metabolism","4312"
"MMP10","HPRD:01704","Metallo protease","Metallo peptidase activity","Protein metabolism","4319"
"MMP11","HPRD:01705","Metallo protease","Metallo peptidase activity","Protein metabolism","4320"
"MMP12","HPRD:03027","Metallo protease","Metallo peptidase activity","Protein metabolism","4321"
"MMP13","HPRD:02522","Metallo protease","Metallo peptidase activity","Protein metabolism","4322"
"MMP14","HPRD:02856","Metallo protease","Metallo peptidase activity","Protein metabolism","4323"
"MMP2","HPRD:00386","Metallo protease","Metallo peptidase activity","Protein metabolism","4313"
"MMP3","HPRD:01703","Metallo protease","Metallo peptidase activity","Protein metabolism","4314"
"MMP9","HPRD:00387","Metallo protease","Metallo peptidase activity","Protein metabolism","4318"
"MRPL11","HPRD:14739","Ribosomal subunit","Structural constituent of ribosome","Protein metabolism","65003"
"MRPS2","HPRD:14783","Ribosomal subunit","Structural constituent of ribosome","Protein metabolism","51116"
"MRPS23","HPRD:17592","Ribosomal subunit","Structural constituent of ribosome","Protein metabolism","51649"
"MSH2","HPRD:00389","DNA repair protein","DNA repair protein","Regulation of nucleobase, nucleoside, nucleotide and nucleic acid metabolism","4436"
"MSLN","HPRD:03030","Adhesion molecule","Cell adhesion molecule activity","Cell adhesion; Immune response","10232"
"MSN","HPRD:02399","Cytoskeletal protein","Structural constituent of cytoskeleton","Cell growth and/or maintenance","4478"
"MSX1","HPRD:00866","Transcription regulatory protein","Transcription regulator activity","Regulation of nucleobase, nucleoside, nucleotide and nucleic acid metabolism\n\n","4487"
"MT1G","HPRD:11827","Unclassified","Molecular function unknown","Biological_process unknown","4495"
"MUL1","HPRD:07799","Unclassified ","Molecular function unknown","Cell communication ; Signal transduction","79594"
"MYC","HPRD:01818","Transcription factor","Transcription factor activity","Regulation of nucleobase, nucleoside, nucleotide and nucleic acid metabolism ; Apoptosis ; Regulation of cell proliferation","4609"
"MYCL1","HPRD:01279","Transcription factor","Transcription factor activity","Regulation of nucleobase, nucleoside, nucleotide and nucleic acid metabolism ","4610"
"MYCN","HPRD:01278","Transcription factor","Transcription factor activity","Regulation of nucleobase, nucleoside, nucleotide and nucleic acid metabolism","4613"
"MYH9","HPRD:01177","Structural protein","Signal transducer activity","Cell growth and/or maintenance","4627"
"MYOD1","HPRD:01166","Transcription factor","Transcription factor activity","Regulation of nucleobase, nucleoside, nucleotide and nucleic acid metabolism","4654"
"NAE1","HPRD:04545","Adapter molecule","Receptor signaling complex scaffold activity","Cell communication ; Signal transduction","8883"
"NCL","HPRD:01245","RNA binding protein","Ribonucleoprotein","Regulation of nucleobase, nucleoside, nucleotide and nucleic acid metabolism","4691"
"NDRG1","HPRD:05586","Unclassified","Molecular function unknown","Cell communication; Signal transduction","10397"
"NDRG4","HPRD:14817","Cell cycle control protein","Hydrolase activity","Cell communication ; Signal transduction","65009"
"NDUFS6","HPRD:10356","Enzyme: Dehydrogenase","Catalytic activity","Metabolism ; Energy pathways","4726"
"NEBL","HPRD:10403","Cytoskeletal associated protein","Cytoskeletal protein binding","Cell growth and/or maintenance","10529"
"NEK1","HPRD:06847","Serine/threonine kinase","Protein serine/threonine kinase activity","Cell communication ; Signal transduction","4750"
"NKX6-1","HPRD:09092","Transcription regulatory protein","Transcription regulator activity","Regulation of nucleobase, nucleoside, nucleotide and nucleic acid metabolism","4825"
"NME1","HPRD:01131","Enzyme: Phosphotransferase","Catalytic activity","Metabolism ; Energy pathways","4830"
"NME2","HPRD:01132","Transcription factor","Transcription factor activity","Signal transduction ;Regulation of nucleobase, nucleoside, nucleotide and nucleic acid metabolism","4831"
"NNT","HPRD:09715","Enzyme: Oxidoreductase","Oxidoreductase activity","Energy pathways","23530"
"NOL4","HPRD:04657","Unclassified","Molecular function unknown","Biological_process unknown","8715"
"NOL7","HPRD:17641","Unclassified","Molecular function unknown","Biological_process unknown","51406"
"NPTX1","HPRD:03843","Transport/cargo protein ","Transporter activity","Cell communication ; Signal transduction","4884"
"NQO1","HPRD:00518","Enzyme: Oxidoreductase","Oxidoreductase activity","Metabolism ;Energy pathways","1728"
"NRAS","HPRD:01273","GTPase","GTPase activity","Cell communication ; Signal transduction","4893"
"NRM","HPRD:10120","Unclassified","Molecular function unknown","Biological_process unknown","11270"
"NTF3","HPRD:01219","Ligand","Receptor binding","Cell communication ; Signal transduction","4908"
"NTN4","HPRD:10121","Extracellular matrix protein","Extracellular matrix structural constituent","Cell growth and/or maintenance","59277"
"OAS3","HPRD:04519","Enzyme: Ligase","Ligase activity","Immune response","4940"
"OAT","HPRD:02021","Enzyme: Aminotransferase","Transaminase activity","Metabolism ; Energy pathways","4942"
"ONECUT1","HPRD:05002","Transcription factor","Transcription factor activity","Regulation of nucleobase, nucleoside, nucleotide and nucleic acid metabolism","3175"
"ORAOV1","HPRD:06245","Unclassified","Molecular function unknown","Biological_process unknown","220064"
"OSMR","HPRD:03446","Cytokine receptor","Transmembrane receptor activity","Cell communication ; Signal transduction","9180"
"OSR1","HPRD:16401","Transcription factor","Transcription factor activity","Regulation of nucleobase, nucleoside, nucleotide and nucleic acid metabolism","130497"
"P2RX4","HPRD:09017","Cell surface receptor","Extra cellular ligand-gated ion channel activity","Signal transduction","5025"
"PA2G4","HPRD:03685","Transcription regulatory protein","Transcription regulator activity","Regulation of nucleobase, nucleoside, nucleotide and nucleic acid metabolism","5036"
"PAIP1","HPRD:05539","Translation regulatory protein","Translation regulator activity","Protein metabolism","10605"
"PAPD7","HPRD:09239","DNA polymerase","DNA-directed DNA polymerase activity","Regulation of nucleobase, nucleoside, nucleotide and nucleic acid metabolism","11044"
"PAX1","HPRD:01332","Transcription factor","Transcription factor activity","Regulation of nucleobase, nucleoside, nucleotide and nucleic acid metabolism","5075"
"PCDH10","HPRD:12204","Adhesion molecule","Cell adhesion molecule activity","Cell communication ; Signal transduction","57575"
"PCNA","HPRD:01456","Cell cycle control protein","DNA binding","DNA repair","5111"
"PCNP","HPRD:17826","Ubiquitin proteasome system protein","Ubiquitin-specific protease activity","Protein metabolism","57092"
"PDCD1","HPRD:02590","Cell surface receptor ","Receptor activity","Cell communication ; Signal transduction","5133"
"PDCD4","HPRD:10549","Unclassified","Molecular function unknown","Apoptosis","27250"
"PDGFRA","HPRD:01429","Receptor tyrosine kinase","Transmembrane receptor protein tyrosine kinase activity","Cell communication ; Signal transduction","5156"
"PDIA3","HPRD:03625","Enzyme: Isomerase","Isomerase activity","Protein metabolism","2923"
"PDK2","HPRD:03955","Enzyme: Phosphotransferase","Catalytic activity","Metabolism ; Energy pathways","5164"
"PEBP1","HPRD:06850","Protease inhibitor","Protease inhibitor activity","Cell communication ; Signal transduction","5037"
"PECAM1","HPRD:01425","Adhesion molecule","Cell adhesion molecule activity","Cell communication ; Signal transduction","5175"
"PGR","HPRD:07077","Nuclear receptor","Transcription regulator activity","Signal transduction ; Transcription","5241"
"PHB","HPRD:01454","Adapter molecule","Receptor signaling complex scaffold activity","Cell communication ; Signal transduction","5245"
"PIGF","HPRD:02539","Enzyme: Transferase","Transferase activity","Cell organization and biogenesis","5281"
"PIGT","HPRD:15136","Enzyme: Aminotransferase","Transaminase activity","Protein metabolism","51604"
"PLAGL1","HPRD:16010","Transcription regulatory protein","Transcription regulator activity","Apoptosis","5325"
"PLAT","HPRD:01419","Serine protease","Serine-type peptidase activity","Protein metabolism","5327"
"PLOD2","HPRD:03519","Enzyme: Hydroxylase","Catalytic activity","Metabolism ; Energy pathways","5352"
"PLP2","HPRD:02121","Ion channel","Ion channel activity","Transport","5355"
"PLSCR1","HPRD:08855","Integral membrane protein","Protein binding","Cell communication ; Signal transduction","5359"
"POFUT1","HPRD:06319","Enzyme: Transferase","Transferase activity","Metabolism","23509"
"POP5","HPRD:15158","Ribonuclease","Ribonuclease activity","Regulation of nucleobase, nucleoside, nucleotide and nucleic acid metabolism","51367"
"POU2F3","HPRD:09582","Transcription factor","Transcription factor activity","Regulation of nucleobase, nucleoside, nucleotide and nucleic acid metabolism","25833"
"PPL","HPRD:04187","Cytoskeletal protein","Structural constituent of cytoskeleton","Cell growth and/or maintenance","5493"
"PPP1R3C","HPRD:04298","Regulatory/other subunit","Phosphatase regulator activity","Metabolism ; Energy pathways","5507"
"PPP2R1B","HPRD:04384","Serine/threonine phosphatase","Protein serine/threonine phosphatase activity","Cell communication ; Signal transduction","5519"
"PRDM5","HPRD:17902","Transcription factor","Transcription factor activity","Cell growth and/or maintenance","11107"
"PRR11","HPRD:07726","Unclassified","Molecular function unknown","Biological_process unknown","55771"
"PRSS2","HPRD:03335","Serine protease","Serine-type peptidase activity","Protein metabolism","5645"
"PRSS3","HPRD:06685","Serine protease","Serine-type peptidase activity","Protein metabolism","5646"
"PSMB9","HPRD:01514","Transcription regulatory protein","Transcription regulator activity","Cell cycle","5698"
"PTEN","HPRD:03431","Lipid phosphatase","Lipid phosphatase activity","Cell communication ; Signal transduction","5728"
"PTGS2","HPRD:02599","Enzyme: Synthase","Peroxidase activity","Metabolism ; Energy pathways","5743"
"PTK6","HPRD:03594","Tyrosine kinase","Protein-tyrosine kinase activity","Cell communication ; Signal transduction","5753"
"PTPN6","HPRD:01475","Tyrosine phosphatase","Protein tyrosine phosphatase activity","Cell communication ; Signal transduction","5777"
"PTTG1","HPRD:04998","Transcription regulatory protein","Transcription regulator activity","Regulation of nucleobase, nucleoside, nucleotide and nucleic acid metabolism","9232"
"PWP2H","HPRD:03279;","Cell cycle control protein","Signal transducer activity","Cell communication; Signal transduction","5822"
"PYCARD","HPRD:06020","Adapter molecule","Caspase activator activity","Apoptosis","29108"
"RAF1","HPRD:01265","Serine/threonine kinase","Protein serine/threonine kinase activity","Cell communication ; Signal transduction","5894"
"RALY","HPRD:11480","RNA binding protein","RNA binding","Regulation of nucleobase, nucleoside, nucleotide and nucleic acid metabolism","22913"
"RAPGEF3","HPRD:06928","Guanine nucleotide exchange factor","Guanyl-nucleotide exchange factor activity","Cell communication ; Signal transduction","10411"
"RARA","HPRD:06769","Nuclear receptor","Ligand-dependent nuclear receptor activity","Signal transduction ","5914"
"RARB","HPRD:07183","Nuclear receptor","Transcription factor activity","Cell communication ; Signal transduction","5915"
"RARG","HPRD:01573","Transcription regulatory protein","Transcription regulator activity","Regulation of nucleobase, nucleoside, nucleotide and nucleic acid metabolism","5916"
"RARRES3","HPRD:05479","Cell cycle control protein","Molecular function unknown","Cell communication ; Signal transduction","5920"
"RASSF1","HPRD:05470","Cytoskeletal associated protein","Cytoskeletal protein binding","Regulation of cell cycle","11186"
"RBL1","HPRD:00312","Cell cycle control protein","Protein binding","Regulation of cell cycle","5933"
"RBL2","HPRD:01576","Cell cycle control protein","Transcription regulator activity","Cell communication ; Signal transduction","5934"
"RBP1","HPRD:07036","Transport/cargo protein","Transporter activity","Transport","5947"
"RCL1","HPRD:10189","RNA binding protein","RNA binding","Regulation of nucleobase, nucleoside, nucleotide and nucleic acid metabolism","10171"
"RGS1","HPRD:15968","GTPase activating protein","GTPase activator activity","Cell communication ; Signal transduction","5996"
"RHCG","HPRD:16102","Transport/cargo protein","Transporter activity","Transport","51458"
"RNASEN","HPRD:10196","Ribonuclease","Ribonuclease activity","Regulation of nucleobase, nucleoside, nucleotide and nucleic acid metabolism","29102"
"RNF114","HPRD:10329","Ubiquitin proteasome system protein","Ubiquitin-specific protease activity","Protein metabolism","55905"
"RPL37","HPRD:16047","Ribosomal subunit","Structural constituent of ribosome","Protein metabolism","6167"
"RPL39L","HPRD:09610","Ribosomal subunit","Structural constituent of ribosome","Protein metabolism","116832"
"RPRM ","HPRD:18002","Cell cycle control protein","Molecular function unknown","Cell communication ; Signal transduction","56475"
"RPS19","HPRD:04591","Ribosomal subunit","Structural constituent of ribosome","Protein metabolism","6223"
"RPSA","HPRD:01038","Ribosomal subunit","Structural constituent of ribosome","Cell communication ; Signal transduction","3921"
"RRAD","HPRD:01536","GTPase","GTPase activity","Cell communication ;Signal transduction","6236"
"RRAS","HPRD:01299","GTPase","GTPase activity","Cell communication ; Signal transduction","6237"
"RRM2","HPRD:01587","Cell cycle control protein","Oxidoreductase activity","Regulation of nucleobase, nucleoside, nucleotide and nucleic acid metabolism","6241"
"RTN3","HPRD:18516","Integral membrane protein","Molecular function unknown","Biological_process unknown","10313"
"RUNX1","HPRD:01043","Transcription factor","Transcription factor activity","Regulation of nucleobase, nucleoside, nucleotide and nucleic acid metabolism","861"
"RUNX3","HPRD:02565","Transcription factor","Transcription factor activity","Regulation of nucleobase, nucleoside, nucleotide and nucleic acid metabolism","864"
"S100A10","HPRD:00232","Calcium binding protein","Calcium ion binding","Cell communication ; Signal transduction","6281"
"S100A7","HPRD:02645","Calcium binding protein","Calcium ion binding","Cell communication ; Signal transduction","6278"
"S100A8","HPRD:00471","Calcium binding protein","Calcium ion binding","Cell communication ; Signal transduction","6279"
"S100A9","HPRD:00472","Calcium binding protein","Calcium ion binding","Cell communication ; Signal transduction","6280"
"S100P","HPRD:02792","Calcium binding protein","Calcium ion binding","Cell communication; Signal transduction","6286"
"SAA1","HPRD:00097","Transport/cargo protein","Transporter activity","Lipid transport","6288"
"SCAMP1","HPRD:06072","Membrane transport protein","auxiliary transport protein activity","Transport","9522"
"SCD","HPRD:04941","Enzyme: Oxidoreductase","Oxidoreductase activity","Metabolism ; Energy pathways","6319"
"SCEL","HPRD:09161","Structural protein","Structural molecule activity","Cell growth and/or maintenance","8796"
"SDC1 ","HPRD:01718","Cell surface receptor","Receptor activity","Cell communication ; Signal transduction","6382"
"SDHA","HPRD:02914","Enzyme: Dehydrogenase","Catalytic activity","Metabolism ; Energy pathways","6389"
"SEMG2","HPRD:01642","Structural protein","Structural molecule activity","Cell growth and/or maintenance","6407"
"SEPP1","HPRD:03286","Enzyme: Peroxidase","Peroxidase activity","Metabolism ; Energy pathways","6414"
"SERPINA3","HPRD:00120","Protease inhibitor","Protease inhibitor activity","Protein metabolism","12"
"SERPINB5","HPRD:01111","Protease inhibitor","Protease inhibitor activity","Protein metabolism","5268"
"SFN","HPRD:03185","Adapter molecule","Receptor signaling complex scaffold activity","Cell communication;Signal transduction","2810"
"SFRP1","HPRD:09165","Secreted polypeptide","Molecular function unknown","Apoptosis","6422"
"SFRP2","HPRD:16041","Secreted polypeptide","Molecular function unknown","Cell communication ; Signal transduction","6423"
"SFRP4","HPRD:07357","Secreted polypeptide","receptor signaling protein activity","Cell communication ; Signal transduction","6424"
"SFRP5","HPRD:09166","Secreted polypeptide","Molecular function unknown","Apoptosis","6425"
"SIPA1","HPRD:03713","GTPase activating protein","GTPase activator activity","Cell communication ; Signal transduction","6494"
"SIX1","HPRD:03125","Transcription factor","Transcription factor activity","Regulation of nucleobase, nucleoside, nucleotide and nucleic acid metabolism","6495"
"SKP2","HPRD:03256","Ubiquitin proteasome system protein","ubiquitin-specific protease activity","Regulation of cell cycle","6502"
"SLC3A2","HPRD:01148","Membrane transport protein","Auxiliary transport protein activity","Transport","6520"
"SLC7A6OS","HPRD:07824","Unclassified","Molecular function unknown","Biological_process unknown","84138"
"SLURP1","HPRD:05836","Unclassified","Molecular function unknown","Biological_process unknown","57152"
"SMAD2","HPRD:03221","DNA binding protein","Transcription regulator activity","Signal transduction ; Regulation of gene expression, epigenetic","4087"
"SMAD4","HPRD:02995","Transcription factor","Transcription factor activity ","Regulation of nucleobase, nucleoside, nucleotide and nucleic acid metabolism","4089"
"SOCS1","HPRD:04669","Adapter molecule","Receptor signaling complex scaffold activity","Cell communication ; Signal transduction","8651"
"SOX1","HPRD:03687","Transcription factor","Transcription factor activity","Regulation of nucleobase, nucleoside, nucleotide and nucleic acid metabolism","6656"
"SP100","HPRD:06844","Transcription regulatory protein","Transcription factor activity","Regulation of nucleobase, nucleoside, nucleotide and nucleic acid metabolism","6672"
"SPA17","HPRD:12272","Unclassified","Molecular function unknown","Biological_process unknown","53340"
"SPARC","HPRD:01631","Secreted polypeptide","Extracellular matrix structural constituent","Cell growth and/or maintenance","6678"
"SPINK5","HPRD:05423","Protease inhibitor","Protease inhibitor activity","Protein metabolism","11005"
"SPP1","HPRD:01325","Adhesion molecule","Cell adhesion molecule activity","Cell growth and/or maintenance","6696"
"SPRR1A","HPRD:01647","Structural protein","Structural molecule activity","Cell growth and/or maintenance","6698"
"SPRR1B","HPRD:01648","Structural protein","Structural molecule activity","Cell growth and/or maintenance","6699"
"SPRR2A","HPRD:01649","Structural protein","Structural molecule activity","Cell growth and/or maintenance","6700"
"SPRR2B","-","-","-","-","6701"
"SPRR3","HPRD:01652","Structural protein","Structural molecule activity","Cell growth and/or maintenance","6707"
"ST14","HPRD:06005","Serine protease","Serine-type peptidase activity","Protein metabolism","6768"
"STARD10","HPRD:18116","Unclassified","unknown","unknown","10809"
"STAT1","HPRD:02777","Transcription factor","Transcription factor activity","Regulation of nucleobase, nucleoside, nucleotide and nucleic acid metabolism","6772"
"STAT3","HPRD:00026","Transcription factor","Transcription factor activity","Regulation of nucleobase, nucleoside, nucleotide and nucleic acid metabolism","6774"
"STAU1","HPRD:03422","RNA binding protein","RNA binding","Protein metabolism","6780"
"STK11","HPRD:03740","Serine/threonine kinase","Protein serine/threonine kinase activity","Cell communication ;Signal transduction","6794"
"STK31","HPRD:10427","Serine/threonine kinase","Protein serine/threonine kinase activity","Cell communication ; Signal transduction","56164"
"STX16","HPRD:04718","Transport/cargo protein","Transporter activity","Transport","8675"
"SULF1","HPRD:15450","Enzyme: Sulphatase","Catalytic activity","Metabolism ; Energy pathways","23213"
"SULT2B1","HPRD:04991","Enzyme: Sulphotransferase","Sulfotransferase activity","Metabolism","6820"
"SYCP2","HPRD:06822","DNA binding protein","DNA binding","Cell communication ; Signal transduction","10388"
"SYK","HPRD:02514","Tyrosine kinase","Protein-tyrosine kinase activity","Cell communication ; Signal transduction","6850"
"TARS","HPRD:01762","Enzyme: Ligase","Ligase activity","Metabolism ; Energy pathways","6897"
"TBC1D1","HPRD:18161","Unclassified","Molecular function unknown","Biological_process unknown","23216"
"TBX3","HPRD:03373","Transcription regulatory protein","Transcription regulator activity","Regulation of nucleobase, nucleoside, nucleotide and nucleic acid metabolism","6926"
"TCEA2","HPRD:16069","Transcription factor","Transcription factor activity","Regulation of nucleobase, nucleoside, nucleotide and nucleic acid metabolism","6919"
"TERT","HPRD:01754","Reverse transcriptase","RNA-directed DNA polymerase activity","Regulation of nucleobase, nucleoside, nucleotide and nucleic acid metabolism","7015"
"TFF3","HPRD:02797","Secreted polypeptide","Defense/immunity protein activity","Immune response","7033"
"TFPI2","HPRD:08962","Protease inhibitor","Protease inhibitor activity","Protein metabolism","7980"
"TFRC","HPRD:01812","Membrane transport protein","Auxiliary transport protein activity","Transport","7037"
"TGFA","HPRD:07522","Growth factor","Growth factor activity","Cell communication ; Signal transduction","7039"
"TGFB1","HPRD:01821","Ligand","Receptor binding","Cell communication ; Signal transduction","7040"
"TGFB2","HPRD:01828","Growth factor","Growth factor activity","Cell communication ; Signal transduction","7042"
"TGFBR1","HPRD:01822","Receptor serine/threonine kinase","Receptor signaling protein serine/threonine kinase activity","Cell communication ; Signal transduction","7046"
"TGM3","HPRD:02584","Enzyme: Aminotransferase","Transaminase activity","Metabolism ; Energy pathways","7053"
"THBD","HPRD:01764","Cell surface receptor","Receptor activity","Immune response","7056"
"THBS1","HPRD:01765","Extracellular matrix protein","Extracellular matrix structural constituent","Cell growth and/or maintenance","7057"
"THBS2","HPRD:01766","Extracellular matrix protein","Extracellular matrix structural constituent","Cell growth and/or maintenance","7058"
"TIMP1","HPRD:02371","Extracellular matrix protein","Extracellular matrix structural constituent","Cell growth and/or maintenance","7076"
"TIMP2","HPRD:01784","Extracellular matrix protein","Extracellular matrix structural constituent","Cell growth and/or maintenance","7077"
"TIMP3","HPRD:01785","Extracellular matrix protein","Extracellular matrix structural constituent","Cell growth and/or maintenance","7078"
"TKTL1","HPRD:02080","Enzyme: Transketolase","Transferase activity, transferring aldehyde or ketonic groups","Metabolism ; Energy pathways","8277"
"TLR2","HPRD:04323","Cell surface receptor","Receptor activity","Cell communication ; Signal transduction","7097"
"TLR4","HPRD:04325","Cell surface receptor","Receptor activity","Cell communication ; Signal transduction","7099"
"TLR8","HPRD:02296","Cell surface receptor","Receptor activity","Cell communication ; Signal transduction","51311"
"TMC6","HPRD:08386","Integral membrane protein","Molecular function unknown","Biological_process unknown","11322"
"TMCO6","HPRD:15177","Unclassified","Molecular function unknown","Biological_process unknown","55374"
"TMEM132A","HPRD:11034","Unclassified","Molecular function unknown","Biological_process unknown","54972"
"TMPRSS11D","HPRD:05642","Serine protease","Serine-type peptidase activity","Protein metabolism","9407"
"TMPRSS11E","HPRD:09912","Serine protease","Serine-type peptidase activity","Protein metabolism","28983"
"TNF","HPRD:01855","Ligand ","Receptor binding","Cell communication ; Signal transduction","7124"
"TNFRSF10C","HPRD:04681","Cell surface receptor ","Receptor activity","Biological_process unknown","8794"
"TOB1","HPRD:09273","Adapter molecule","Receptor signaling complex scaffold activity","Cell communication; Signal transduction","10140"
"TOP2A","HPRD:00536","Enzyme: Topoisomerase","DNA topoisomerase activity","Regulation of nucleobase, nucleoside, nucleotide and nucleic acid metabolism","7153"
"TP53","HPRD:01859","Transcription factor","Transcription factor activity","Regulation of nucleobase, nucleoside, nucleotide and nucleic acid metabolism ; Apoptosis","7157"
"TP73","HPRD:03587","Transcription factor","Transcription factor activity","Regulation of nucleobase, nucleoside, nucleotide and nucleic acid metabolism","7161"
"TPX2","HPRD:05802","Cell cycle control protein","ATP binding","Cell growth and/or maintenance","22974"
"TRA2A","HPRD:04096","RNA binding protein","RNA binding","Regulation of nucleobase,nucleoside,nucleotide and nucleicacid metabolism","29896"
"TREM2","HPRD:05473","Cell surface receptor","Receptor activity","Cell communication ; Signal transduction","54209"
"TRIM29","HPRD:10280","Transcription regulatory protein","Transcription regulator activity","Regulation of nucleobase,nucleoside,nucleotide and nucleicacid metabolism","23650"
"TRIP13","HPRD:05145","ATPase","ATPase activity","Regulation of nucleobase, nucleoside, nucleotide and nucleic acid metabolism","9319"
"TSPAN3","HPRD:15512","Integral membrane protein","Cell adhesion molecule activity","Cell motility","10099"
"TUBB2","HPRD:01852","Cytoskeletal protein","Structural constituent of cytoskeleton","Cell growth and/or maintenance","7280"
"TWIST1","HPRD:03374","Transcription factor","Transcription factor activity","Regulation of nucleobase, nucleoside, nucleotide and nucleic acid metabolism","7291"
"TYK2","HPRD:01490","Tyrosine kinase","Protein-tyrosine kinase activity","Cell communication ; Signal transduction","7297"
"TYMS","HPRD:01774","Enzyme: Ligase","Ligase activity","Metabolism ; Energy pathways","7298"
"UFD1L","HPRD:06778","Ubiquitin proteasome system protein","Ubiquitin-specific protease activity","Protein metabolism","7353"
"UPK1A","HPRD:15624","Cell surface receptor","Receptor activity","Cell communication ; Signal transduction","11045"
"VEGFA","HPRD:01889","Receptor tyrosine kinase","Transmembrane receptor protein tyrosine kinase activity","Cell communication ; Signal transduction","7422"
"VEGFB","HPRD:03237","Growth factor","Growth factor activity","Cell communication ; Signal transduction","7423"
"VEGFC","HPRD:03317","Growth factor","Growth factor activity","Cell communication ; Signal transduction","7424"
"VHL","HPRD:01905","Ubiquitin proteasome system protein","Ubiquitin-specific protease activity","Protein metabolism ;Regulation of gene expression, epigenetic ; Anti-apoptosis","7428"
"VPS35","HPRD:06085","Transport/cargo protein","Transporter activity","Transport","55737"
"VSIG4","HPRD:02286","Complement receptor","Receptor activity","Immune response","11326"
"VWF","HPRD:01906","Coagulation factor","Protein binding","Protein metabolism","7450"
"WT1","HPRD:06163","Transcription factor","Transcription regulator activity","Regulation of cell proliferation ; Regulation of gene expression, epigenetic ; Cell differentiation ; Hemopoiesis","7490"
"XRCC1","HPRD:01909","DNA repair protein ","DNA repair protein","DNA repair","7515"
"YIF1A","HPRD:06755","Integral membrane protein","Protein binding","Transport","10897"
"ZBED2","HPRD:15686","DNA binding protein","DNA binding","Biological_process unknown","79413"
"ZNF217","HPRD:04272","Transcription factor","Transcription factor activity","Regulation of nucleobase, nucleoside, nucleotide and nucleic acid metabolism","7764"
"","","","","","0"
